-- phpMyAdmin SQL Dump
-- version 4.8.5
-- https://www.phpmyadmin.net/
--
-- Servidor: 127.0.0.1
-- Tiempo de generación: 30-12-2019 a las 05:24:35
-- Versión del servidor: 10.1.38-MariaDB
-- Versión de PHP: 7.3.2

SET SQL_MODE = "NO_AUTO_VALUE_ON_ZERO";
SET AUTOCOMMIT = 0;
START TRANSACTION;
SET time_zone = "+00:00";


/*!40101 SET @OLD_CHARACTER_SET_CLIENT=@@CHARACTER_SET_CLIENT */;
/*!40101 SET @OLD_CHARACTER_SET_RESULTS=@@CHARACTER_SET_RESULTS */;
/*!40101 SET @OLD_COLLATION_CONNECTION=@@COLLATION_CONNECTION */;
/*!40101 SET NAMES utf8mb4 */;

--
-- Base de datos: `pos`
--

-- --------------------------------------------------------

--
-- Estructura de tabla para la tabla `categorias`
--

CREATE TABLE `categorias` (
  `id` int(11) NOT NULL,
  `categoria` text COLLATE utf8_spanish_ci NOT NULL,
  `fecha` timestamp NOT NULL DEFAULT CURRENT_TIMESTAMP ON UPDATE CURRENT_TIMESTAMP
) ENGINE=InnoDB DEFAULT CHARSET=utf8 COLLATE=utf8_spanish_ci;

--
-- Volcado de datos para la tabla `categorias`
--

INSERT INTO `categorias` (`id`, `categoria`, `fecha`) VALUES
(8, 'artículos sanitarios', '2019-10-01 20:06:01'),
(9, 'ferreteria', '2019-10-08 18:35:35'),
(10, 'bazar', '2019-10-15 19:07:03'),
(11, 'Electricidad', '2019-11-04 12:04:02'),
(12, 'el taladro', '2019-12-27 20:58:35');

-- --------------------------------------------------------

--
-- Estructura de tabla para la tabla `clientes`
--

CREATE TABLE `clientes` (
  `id` int(11) NOT NULL,
  `nombre` text COLLATE utf8_spanish_ci NOT NULL,
  `documento` int(11) NOT NULL,
  `email` text COLLATE utf8_spanish_ci NOT NULL,
  `telefono` text COLLATE utf8_spanish_ci NOT NULL,
  `direccion` text COLLATE utf8_spanish_ci NOT NULL,
  `fecha_nacimiento` date NOT NULL,
  `compras` int(11) NOT NULL,
  `ultima_compra` datetime NOT NULL,
  `fecha` timestamp NOT NULL DEFAULT CURRENT_TIMESTAMP ON UPDATE CURRENT_TIMESTAMP
) ENGINE=InnoDB DEFAULT CHARSET=utf8 COLLATE=utf8_spanish_ci;

--
-- Volcado de datos para la tabla `clientes`
--

INSERT INTO `clientes` (`id`, `nombre`, `documento`, `email`, `telefono`, `direccion`, `fecha_nacimiento`, `compras`, `ultima_compra`, `fecha`) VALUES
(13, 'sabatte mauro', 36671955, 'vv@hotmail.com', '(228) 153-4429', 'rivadavia 83', '1992-02-10', 0, '0000-00-00 00:00:00', '2019-10-23 14:04:52'),
(14, 'consumidor final', 366771955, 'sanitariosrivadavia@hotmail.com', '(229) 245-1608', 'rivadavia 85', '1992-02-10', 41, '2019-12-29 22:53:47', '2019-12-30 03:53:47'),
(15, 'orona maria rita', 5423225, 'sanitariosrivadavia@hotmail.com', '(229) 245-1608', '9 de julio', '1929-12-05', 5, '2019-12-19 13:43:09', '2019-12-19 18:43:09');

-- --------------------------------------------------------

--
-- Estructura de tabla para la tabla `corriente`
--

CREATE TABLE `corriente` (
  `id` int(11) NOT NULL,
  `codigo` int(11) NOT NULL,
  `id_cliente` int(11) NOT NULL,
  `id_vendedor` int(11) NOT NULL,
  `productos` text COLLATE utf8_spanish_ci NOT NULL,
  `impuesto` float NOT NULL,
  `neto` float NOT NULL,
  `total` float NOT NULL,
  `metodo_pago` text COLLATE utf8_spanish_ci NOT NULL,
  `fecha` timestamp NOT NULL DEFAULT CURRENT_TIMESTAMP ON UPDATE CURRENT_TIMESTAMP,
  `estado` int(11) NOT NULL,
  `vto_cobro` date NOT NULL,
  `total_cobrado` float NOT NULL,
  `a_cobrar` float NOT NULL
) ENGINE=InnoDB DEFAULT CHARSET=utf8 COLLATE=utf8_spanish_ci;

--
-- Volcado de datos para la tabla `corriente`
--

INSERT INTO `corriente` (`id`, `codigo`, `id_cliente`, `id_vendedor`, `productos`, `impuesto`, `neto`, `total`, `metodo_pago`, `fecha`, `estado`, `vto_cobro`, `total_cobrado`, `a_cobrar`) VALUES
(41, 10033, 14, 1, '[{\"id\":\"55\",\"descripcion\":\"Cilindro muestra de concreto\",\"cantidad\":\"1\",\"stock\":\"15\",\"precio\":\"\",\"total\":\"560\"}]', 56, 560, 616, 'Efectivo', '2019-12-30 03:15:23', 0, '2019-02-04', 0, 0),
(42, 10033, 14, 1, '[{\"id\":\"55\",\"descripcion\":\"Cilindro muestra de concreto\",\"cantidad\":\"1\",\"stock\":\"15\",\"precio\":\"\",\"total\":\"560\"}]', 56, 560, 616, 'Efectivo', '2019-12-30 03:15:23', 0, '2019-05-04', 0, 0),
(43, 10001, 6, 1, '[{\"id\":\"59\",\"descripcion\":\"Cono slump\",\"cantidad\":\"1\",\"stock\":\"2\",\"precio\":\"196\",\"total\":\"196\"}]', 19.6, 196, 215.6, 'Efectivo', '2019-09-19 22:38:59', 0, '2033-03-31', 1500, 1284.4),
(44, 10001, 4, 1, '[{\"id\":\"59\",\"descripcion\":\"Cono slump\",\"cantidad\":\"1\",\"stock\":\"33\",\"precio\":\"196\",\"total\":\"196\"}]', 19.6, 196, 215.6, 'Efectivo', '2019-09-20 13:38:24', 0, '2022-02-22', 90, 90),
(45, 10001, 6, 1, '[{\"id\":\"59\",\"descripcion\":\"Cono slump\",\"cantidad\":\"1\",\"stock\":\"31\",\"precio\":\"196\",\"total\":\"196\"}]', 19.6, 196, 215.6, 'Efectivo', '2019-09-20 13:44:34', 0, '2012-02-22', 90, 125.6),
(46, 10001, 6, 1, '[{\"id\":\"59\",\"descripcion\":\"Cono slump\",\"cantidad\":\"1\",\"stock\":\"30\",\"precio\":\"196\",\"total\":\"196\"}]', 19.6, 196, 215.6, 'Efectivo', '2019-09-20 13:45:01', 0, '2022-02-22', 1400, 1184.4),
(47, 10001, 8, 1, '[{\"id\":\"59\",\"descripcion\":\"Cono slump\",\"cantidad\":\"1\",\"stock\":\"26\",\"precio\":\"196\",\"total\":\"196\"}]', 19.6, 196, 215.6, 'Efectivo', '2019-09-20 13:56:47', 0, '2011-11-11', 18000, 17784.4),
(48, 10001, 5, 1, '[{\"id\":\"59\",\"descripcion\":\"Cono slump\",\"cantidad\":\"1\",\"stock\":\"22\",\"precio\":\"196\",\"total\":\"196\"}]', 19.6, 196, 215.6, 'Efectivo', '2019-09-20 14:25:20', 0, '2022-02-22', 500, 284.4),
(49, 10001, 9, 1, '[{\"id\":\"59\",\"descripcion\":\"Cono slump\",\"cantidad\":\"1\",\"stock\":\"20\",\"precio\":\"196\",\"total\":\"196\"}]', 19.6, 196, 215.6, 'Efectivo', '2019-09-20 14:27:19', 0, '2022-02-22', 500, 284.4),
(50, 10001, 7, 1, '[{\"id\":\"59\",\"descripcion\":\"Cono slump\",\"cantidad\":\"1\",\"stock\":\"19\",\"precio\":\"196\",\"total\":\"196\"}]', 19.6, 196, 215.6, 'Efectivo', '2019-09-20 14:28:55', 0, '2022-02-22', 500, 284.4),
(51, 10001, 4, 1, '[{\"id\":\"59\",\"descripcion\":\"Cono slump\",\"cantidad\":\"1\",\"stock\":\"18\",\"precio\":\"196\",\"total\":\"196\"}]', 19.6, 196, 215.6, 'Efectivo', '2019-09-20 14:30:54', 0, '2022-02-22', 1400, 1400),
(52, 10001, 5, 1, '[{\"id\":\"59\",\"descripcion\":\"Cono slump\",\"cantidad\":\"1\",\"stock\":\"17\",\"precio\":\"196\",\"total\":\"196\"}]', 19.6, 196, 215.6, 'Efectivo', '2019-09-20 14:31:54', 0, '2022-02-22', 500, 284.4),
(53, 10001, 5, 1, '[{\"id\":\"65\",\"descripcion\":\"molde sorrentino x8\",\"cantidad\":\"1\",\"stock\":\"37\",\"precio\":\"95.0859\",\"total\":\"95.0859\"}]', 9.50859, 95.0859, 104.594, 'Efectivo', '2019-09-20 14:33:10', 0, '2022-02-22', 500, 395.41),
(54, 10001, 4, 1, '[{\"id\":\"59\",\"descripcion\":\"Cono slump\",\"cantidad\":\"1\",\"stock\":\"16\",\"precio\":\"196\",\"total\":\"196\"}]', 19.6, 196, 215.6, 'Efectivo', '2019-09-20 14:37:11', 0, '2033-03-31', 500, 284.4),
(55, 10001, 4, 1, '[{\"id\":\"65\",\"descripcion\":\"molde sorrentino x8\",\"cantidad\":\"1\",\"stock\":\"36\",\"precio\":\"95.0859\",\"total\":\"95.0859\"}]', 9.50859, 95.0859, 104.594, 'Efectivo', '2019-09-20 14:38:34', 0, '2022-02-22', 11111, 11006.4),
(56, 10001, 4, 1, '[{\"id\":\"59\",\"descripcion\":\"Cono slump\",\"cantidad\":\"1\",\"stock\":\"15\",\"precio\":\"196\",\"total\":\"196\"}]', 19.6, 196, 215.6, 'Efectivo', '2019-09-20 14:39:06', 0, '2022-02-22', 500, 284.4),
(57, 10001, 5, 1, '[{\"id\":\"65\",\"descripcion\":\"molde sorrentino x8\",\"cantidad\":\"1\",\"stock\":\"35\",\"precio\":\"95.0859\",\"total\":\"95.0859\"}]', 9.50859, 95.0859, 104.594, 'Efectivo', '2019-09-20 14:40:57', 0, '2022-02-22', 500, 395.41),
(58, 10001, 6, 1, '[{\"id\":\"65\",\"descripcion\":\"molde sorrentino x8\",\"cantidad\":\"4\",\"stock\":\"31\",\"precio\":\"95.0859\",\"total\":\"380.34\"},{\"id\":\"59\",\"descripcion\":\"Cono slump\",\"cantidad\":\"1\",\"stock\":\"14\",\"precio\":\"196\",\"total\":\"196\"}]', 57.634, 576.34, 633.974, 'Efectivo', '2019-09-20 14:42:35', 0, '2022-02-22', 1400, 766.03),
(59, 10001, 3, 1, '[{\"id\":\"65\",\"descripcion\":\"molde sorrentino x8\",\"cantidad\":\"1\",\"stock\":\"29\",\"precio\":\"95.0859\",\"total\":\"95.0859\"}]', 9.50859, 95.0859, 104.594, 'Efectivo', '2019-09-20 14:58:51', 0, '2022-02-22', 500, 395.41),
(60, 10001, 7, 1, '[{\"id\":\"65\",\"descripcion\":\"molde sorrentino x8\",\"cantidad\":\"1\",\"stock\":\"28\",\"precio\":\"95.0859\",\"total\":\"95.0859\"}]', 9.50859, 95.0859, 104.594, 'Efectivo', '2019-09-20 15:00:53', 0, '2033-03-31', 1400, 1295.41),
(64, 10005, 15, 1, '[{\"id\":\"649\",\"descripcion\":\"contendor con tapa ratan\",\"cantidad\":\"1\",\"stock\":\"0\",\"precio\":\"370.44\",\"total\":\"370.44\"},{\"id\":\"457\",\"descripcion\":\"compotera melamina 25cm\",\"cantidad\":\"1\",\"stock\":\"8\",\"precio\":\"207.9\",\"total\":\"207.9\"},{\"id\":\"381\",\"descripcion\":\"sapito rociador celeste\",\"cantidad\":\"1\",\"stock\":\"37\",\"precio\":\"54.81\",\"total\":\"54.81\"},{\"id\":\"890\",\"descripcion\":\"lubricante mota 155gr\",\"cantidad\":\"2\",\"stock\":\"4\",\"precio\":\"223.02\",\"total\":\"446.04\"}]', 107.919, 1079.19, 1187.11, 'Efectivo', '2019-12-19 18:43:09', 0, '2020-01-30', 0, 1187.11),
(65, 10006, 14, 1, '[{\"id\":\"890\",\"descripcion\":\"lubricante mota 155gr\",\"cantidad\":\"1\",\"stock\":\"4\",\"precio\":\"223.02\",\"total\":\"223.02\"},{\"id\":\"889\",\"descripcion\":\"lampara arco de pie con pantalla\",\"cantidad\":\"1\",\"stock\":\"0\",\"precio\":\"4205.25\",\"total\":\"4205.25\"},{\"id\":\"888\",\"descripcion\":\"lampara de mesa arco con pantalla\",\"cantidad\":\"1\",\"stock\":\"0\",\"precio\":\"2799.09\",\"total\":\"2799.09\"},{\"id\":\"887\",\"descripcion\":\"lampara colgante brenda\",\"cantidad\":\"1\",\"stock\":\"1\",\"precio\":\"1976.94\",\"total\":\"1976.94\"},{\"id\":\"886\",\"descripcion\":\"lampara colgante denin\",\"cantidad\":\"1\",\"stock\":\"1\",\"precio\":\"1619.73\",\"total\":\"1619.73\"},{\"id\":\"885\",\"descripcion\":\"aplique venecia con pantalla\",\"cantidad\":\"1\",\"stock\":\"1\",\"precio\":\"3167.64\",\"total\":\"3167.64\"},{\"id\":\"884\",\"descripcion\":\"araña banjul x6\",\"cantidad\":\"1\",\"stock\":\"0\",\"precio\":\"8246\",\"total\":\"8246\"},{\"id\":\"883\",\"descripcion\":\"lampara colgante lux c ceramica\",\"cantidad\":\"1\",\"stock\":\"4\",\"precio\":\"2783.97\",\"total\":\"2783.97\"},{\"id\":\"882\",\"descripcion\":\"prolongacion 4 tomas x 1 5mtr cable\",\"cantidad\":\"1\",\"stock\":\"0\",\"precio\":\"521.394\",\"total\":\"521.394\"}]', 0, 25543, 25543, 'TC-5', '2019-12-19 18:49:04', 0, '2019-12-19', 0, 0),
(66, 10007, 14, 1, '[{\"id\":\"941\",\"descripcion\":\"asdasd\",\"cantidad\":\"1\",\"stock\":\"232\",\"precio\":\"18\",\"total\":\"18\"}]', 0.18, 18, 18.18, 'Efectivo', '2019-12-30 02:33:30', 0, '2022-02-22', 500, 0),
(67, 10008, 14, 1, '[{\"id\":\"941\",\"descripcion\":\"asdasd\",\"cantidad\":\"8\",\"stock\":\"224\",\"precio\":\"18\",\"total\":\"144\"}]', 2.88, 144, 146.88, 'Efectivo', '2019-12-30 02:37:54', 0, '2044-04-04', 100, 46.88),
(69, 10009, 14, 1, '[{\"id\":\"941\",\"descripcion\":\"asdasd\",\"cantidad\":\"1\",\"stock\":\"220\",\"precio\":\"18\",\"total\":\"18\"}]', 0.9, 18, 18.9, 'Efectivo', '2019-12-30 03:53:01', 0, '2055-05-05', 12, 6.9);

-- --------------------------------------------------------

--
-- Estructura de tabla para la tabla `productos`
--

CREATE TABLE `productos` (
  `id` int(11) NOT NULL,
  `id_categoria` int(11) NOT NULL,
  `codigo` text COLLATE utf8_spanish_ci NOT NULL,
  `descripcion` text COLLATE utf8_spanish_ci NOT NULL,
  `imagen` text COLLATE utf8_spanish_ci NOT NULL,
  `stock` int(11) NOT NULL,
  `precio_compra` float NOT NULL,
  `precio_venta` float NOT NULL,
  `ventas` int(11) NOT NULL,
  `fecha` timestamp NOT NULL DEFAULT CURRENT_TIMESTAMP ON UPDATE CURRENT_TIMESTAMP
) ENGINE=InnoDB DEFAULT CHARSET=utf8 COLLATE=utf8_spanish_ci;

--
-- Volcado de datos para la tabla `productos`
--

INSERT INTO `productos` (`id`, `id_categoria`, `codigo`, `descripcion`, `imagen`, `stock`, `precio_compra`, `precio_venta`, `ventas`, `fecha`) VALUES
(65, 1, '9780201841299', 'molde sorrentino x8', 'vistas/img/productos/default/anonymous.png', 23, 50.31, 95.0859, 20, '2019-12-30 03:10:48'),
(67, 1, '9780201103755', 'pileta fibra 75 46', 'vistas/img/productos/default/anonymous.png', 4, 1600, 3024, 1, '2019-10-08 18:24:24'),
(69, 1, '9780201102581', 'pileta fibra 58 49', 'vistas/img/productos/default/anonymous.png', 2, 1519, 2870.91, 0, '2019-10-01 19:59:54'),
(70, 1, '9780201001082', 'pileta fibra esquinera', 'vistas/img/productos/default/anonymous.png', 2, 969, 1831.41, 0, '2019-10-01 20:01:29'),
(71, 1, '9780201110708', 'pileta fibra 70 46', 'vistas/img/productos/default/anonymous.png', 2, 1548, 2925.72, 0, '2019-10-01 20:02:27'),
(72, 1, '9780201840506', 'vanitory maral 50cm bl wengue', 'vistas/img/productos/default/anonymous.png', 2, 5387, 10181.4, 1, '2019-10-08 18:24:12'),
(73, 8, '9780201620238', 'alargues canilla bce 12 x 1', 'vistas/img/productos/default/anonymous.png', 10, 76.09, 143.81, 4, '2019-10-08 18:24:33'),
(74, 9, '9780201913187', 'tornillo cab tanque 8x34', 'vistas/img/productos/default/anonymous.png', 100, 1.08, 2.0412, 0, '2019-10-08 20:28:48'),
(75, 9, '9780201913194', 'tornillo cab tanque 8x1', 'vistas/img/productos/default/anonymous.png', 100, 1.25, 2.3625, 0, '2019-10-08 20:29:35'),
(76, 9, '9780201800012', 'guante moteado', 'vistas/img/productos/default/anonymous.png', 48, 26, 49.14, 0, '2019-10-08 20:30:46'),
(77, 9, '9780201911091', 'mecha ezeta 2mm', 'vistas/img/productos/default/anonymous.png', 10, 48.82, 92.2698, 0, '2019-10-08 20:34:18'),
(78, 9, '9780201911091', 'mecha ezeta 6mm', 'vistas/img/productos/default/anonymous.png', 10, 100.96, 190.814, 0, '2019-10-08 20:35:44'),
(79, 9, '9780201290080', 'fratacho piedra mediano', 'vistas/img/productos/default/anonymous.png', 6, 76.36, 144.32, 0, '2019-10-08 20:37:58'),
(80, 8, '9780207030086', 'flotante deposito colgar ideal', 'vistas/img/productos/default/anonymous.png', 6, 135, 202.5, 0, '2019-12-13 18:24:32'),
(81, 8, '9780207030208', 'flotante con clavija bce', 'vistas/img/productos/default/anonymous.png', 6, 188.76, 283.14, 0, '2019-12-13 18:25:24'),
(82, 8, '9780207030055', 'sobretapa ideal ag chico', 'vistas/img/productos/default/anonymous.png', 6, 57.75, 86.625, 0, '2019-12-13 18:26:16'),
(83, 8, '9780201001655', 'canilla bce 12 pico mang ', 'vistas/img/productos/default/anonymous.png', 9, 348, 553.32, 1, '2019-12-19 19:46:37'),
(84, 8, '9780201760033', 'conexion flexible gas 40cm', 'vistas/img/productos/default/anonymous.png', 10, 125, 187.5, 0, '2019-12-13 18:29:32'),
(85, 8, '9780201760040', 'conexion flexible gas 50cm', 'vistas/img/productos/default/anonymous.png', 10, 136, 204, 0, '2019-12-13 18:30:08'),
(86, 8, '9780201760057', 'conexion flexible gas 60cm', 'vistas/img/productos/default/anonymous.png', 10, 148, 222, 0, '2019-12-13 18:30:51'),
(87, 9, '9780201200331', 'remaches 4x12', 'vistas/img/productos/default/anonymous.png', 1000, 0.59, 1.1151, 0, '2019-10-08 21:42:09'),
(88, 9, '9780201330021', 'manguera cristal 12x9 x mtr', 'vistas/img/productos/default/anonymous.png', 100, 21, 31.5, 0, '2019-12-13 18:31:37'),
(89, 9, '9780201060089', 'soporte cortina cto abierto', 'vistas/img/productos/default/anonymous.png', 20, 16, 24, 0, '2019-12-13 18:32:53'),
(90, 9, '9780201060034', 'soporte cortina cto cerrado', 'vistas/img/productos/default/anonymous.png', 20, 16, 24, 0, '2019-12-13 18:33:17'),
(91, 8, '9780207030130', 'deposito mochila dash a codo', 'vistas/img/productos/default/anonymous.png', 3, 1138, 1707, 0, '2019-12-12 21:07:26'),
(92, 8, '9780201171396', 'cabezal largo cierre cerámico c', 'vistas/img/productos/default/anonymous.png', 8, 226, 339, 0, '2019-12-13 18:34:05'),
(93, 8, '9780201171235', 'cabezal fv lrgo ef', 'vistas/img/productos/default/anonymous.png', 3, 232, 348, 3, '2019-12-13 18:34:46'),
(95, 9, '9780201290196', 'cola vinilica 200gr', 'vistas/img/productos/default/anonymous.png', 12, 90.45, 135.675, 0, '2019-12-13 18:35:33'),
(96, 9, '9780201290035', 'cola vinilica 500gr', 'vistas/img/productos/default/anonymous.png', 12, 153, 229.5, 0, '2019-12-13 18:36:17'),
(97, 9, '9780201290028', 'cola vinilica con pico 250gr', 'vistas/img/productos/default/anonymous.png', 12, 93, 139.5, 0, '2019-12-13 18:38:45'),
(98, 9, '9780201970050', 'cinta embalar trans marron 48x50', 'vistas/img/productos/default/anonymous.png', 25, 52.85, 79.275, 2, '2019-12-13 18:39:49'),
(99, 9, '9780201001679', 'cerradura prive 212', 'vistas/img/productos/default/anonymous.png', 2, 524.44, 991.192, 0, '2019-10-09 12:26:48'),
(101, 8, '9780211920557', 'canilla met lavarropa', 'vistas/img/productos/default/anonymous.png', 4, 245.38, 463.768, 0, '2019-10-09 12:43:43'),
(102, 8, '9780205050093', 'limpia pileta tela s cabo', 'vistas/img/productos/default/anonymous.png', 10, 140, 224, 0, '2019-12-13 18:41:13'),
(103, 8, '9780201171228', 'cabezal fv cto ef', 'vistas/img/productos/default/anonymous.png', 15, 219, 350.4, 1, '2019-12-13 18:42:09'),
(104, 8, '9780201171372', 'cabezal ph corto cc fria cal', 'vistas/img/productos/default/anonymous.png', 6, 161.4, 305.046, 2, '2019-10-24 19:52:01'),
(106, 9, '7790400014532', 'poxipol trans 16gr', 'vistas/img/productos/default/anonymous.png', 10, 115.29, 172.935, 0, '2019-11-29 12:15:09'),
(107, 9, '7790400014525', 'poxipol acero 21gr', 'vistas/img/productos/default/anonymous.png', 4, 115, 172.5, 0, '2019-11-29 12:16:02'),
(108, 9, '7794122013071', 'poxiran pomo 23 gr', 'vistas/img/productos/default/anonymous.png', 9, 80.24, 120.36, 0, '2019-11-29 12:16:56'),
(109, 9, '7790400005721', 'poxitas x 12 unid', 'vistas/img/productos/default/anonymous.png', 13, 75, 141.75, 0, '2019-10-14 13:39:31'),
(110, 9, '7794122001870', 'poxilina 10 min 70gr', 'vistas/img/productos/default/anonymous.png', 5, 151, 226.5, 0, '2019-11-29 12:17:25'),
(111, 9, '77917188', 'la gotita 2ml', 'vistas/img/productos/default/anonymous.png', 14, 45, 67.5, 1, '2019-11-29 12:18:24'),
(112, 9, '77906731', 'la gotita gel 3g', 'vistas/img/productos/default/anonymous.png', 8, 56.37, 84.555, 0, '2019-11-29 12:17:48'),
(113, 9, '7790400018585', 'unipox 25ml', 'vistas/img/productos/default/anonymous.png', 3, 42.68, 64.02, 0, '2019-11-29 12:18:59'),
(114, 9, '7790400022834', 'el pulpito 50gr', 'vistas/img/productos/default/anonymous.png', 11, 114.13, 171.195, 0, '2019-11-29 12:19:29'),
(115, 9, '7790400022841', 'el pulpito 120gr', 'vistas/img/productos/default/anonymous.png', 5, 169.59, 254.385, 0, '2019-11-29 12:19:54'),
(116, 9, '7790400030457', 'ecole 9gr', 'vistas/img/productos/default/anonymous.png', 14, 119, 178.5, 0, '2019-11-29 12:20:19'),
(117, 9, '7790400021806', 'wd40 155gr ', 'vistas/img/productos/default/anonymous.png', 12, 177, 265.5, 0, '2019-11-29 12:20:41'),
(118, 9, '7435223402331', 'arco de sierra as02', 'vistas/img/productos/default/anonymous.png', 2, 358.35, 677.281, 0, '2019-10-14 14:12:00'),
(119, 9, '8435223401914', 'cutter metalico 9mm c209', 'vistas/img/productos/default/anonymous.png', 1, 128.23, 242.355, 0, '2019-10-14 14:15:18'),
(121, 9, '8435223403307', 'puntas ph2 x 25mm BPH225', 'vistas/img/productos/default/anonymous.png', 19, 18, 34.02, 0, '2019-10-14 14:28:44'),
(122, 9, '8435223403314', 'punta ph2 x 50mm BPH250', 'vistas/img/productos/default/anonymous.png', 16, 24.6, 46.494, 0, '2019-10-14 14:47:40'),
(123, 9, '8435223403321', 'punta ph2 x 75mm BPH270', 'vistas/img/productos/default/anonymous.png', 15, 65, 122.85, 0, '2019-10-14 14:49:50'),
(124, 9, '8435223408883', 'vaso hex magnetica 7x16', 'vistas/img/productos/default/anonymous.png', 1, 91.33, 172.614, 0, '2019-10-14 14:56:55'),
(125, 9, '8435223403819', 'vaso hex magnetico 1x4', 'vistas/img/productos/default/anonymous.png', 2, 91.06, 172.103, 0, '2019-10-14 14:57:44'),
(126, 9, '8435223403833', 'vaso hex magnetico 3x8', 'vistas/img/productos/default/anonymous.png', 5, 91.65, 173.219, 0, '2019-10-14 14:58:39'),
(127, 9, '8435223408999', 'juego brocas widia wsj4', 'vistas/img/productos/default/anonymous.png', 2, 182.7, 345.303, 0, '2019-10-14 14:59:45'),
(128, 9, '8435223400986', 'nivel aluminio 100cm N100', 'vistas/img/productos/default/anonymous.png', 1, 576.52, 1089.62, 0, '2019-10-14 15:01:11'),
(129, 9, '8435223402348', 'arco de sierra AS11', 'vistas/img/productos/default/anonymous.png', 2, 170.38, 322.018, 0, '2019-10-14 15:06:14'),
(130, 9, '8435223408401', 'remachadora 250mm RM1C', 'vistas/img/productos/default/anonymous.png', 1, 446.2, 843.318, 0, '2019-10-14 15:18:47'),
(131, 9, '7798032530017', 'masilla sanitaria 70gr', 'vistas/img/productos/default/anonymous.png', 1, 85.28, 161.179, 0, '2019-10-15 13:01:06'),
(132, 9, '7798032530055', 'masilla epoxy 10 min 70gr', 'vistas/img/productos/default/anonymous.png', 7, 101, 190.89, 0, '2019-10-15 13:02:10'),
(133, 9, '7798032530086', 'crema adhesiva epoxi bl 150gr', 'vistas/img/productos/default/anonymous.png', 2, 255.3, 357.42, 0, '2019-10-15 13:03:23'),
(134, 9, '7798032530444', 'crema adhesiva epoxy acero 200gr', 'vistas/img/productos/default/anonymous.png', 1, 255.3, 357.42, 0, '2019-10-15 13:03:57'),
(135, 9, '7798032530574', 'esmalte epoxy 250cc', 'vistas/img/productos/default/anonymous.png', 5, 262.92, 368.088, 0, '2019-10-15 13:05:12'),
(136, 9, '7798032531779', 'epoxy sella gas 25cc', 'vistas/img/productos/default/anonymous.png', 15, 79.69, 150.614, 0, '2019-10-15 13:06:52'),
(137, 9, '7798032531717', 'epoxy sella gas 125cc', 'vistas/img/productos/default/anonymous.png', 1, 197.28, 372.859, 0, '2019-10-15 13:07:33'),
(138, 9, '7798032530543', 'sellador silicona blanca 50cc', 'vistas/img/productos/default/anonymous.png', 9, 119.3, 225.477, 0, '2019-10-15 13:11:09'),
(139, 9, '7798032530550', 'sellador silicona negra 50cc', 'vistas/img/productos/default/anonymous.png', 5, 119.3, 225.477, 0, '2019-10-15 13:13:17'),
(141, 9, '7798032530925', 'sellador silicona alta temp 50cc', 'vistas/img/productos/default/anonymous.png', 9, 123.77, 233.925, 0, '2019-10-15 13:14:11'),
(143, 9, '7798032531236', 'sellador silicona neutro 300cc', 'vistas/img/productos/default/anonymous.png', 1, 309.17, 494.672, 0, '2019-10-15 13:17:34'),
(144, 9, '7798032530048', 'sellador poliuretano acero 310ml', 'vistas/img/productos/default/anonymous.png', 5, 389.14, 735.475, 0, '2019-10-15 13:23:22'),
(145, 9, '7798032531205', 'sellador silicona alta temp 300cc', 'vistas/img/productos/default/anonymous.png', 9, 309.17, 584.331, 0, '2019-10-15 13:29:42'),
(146, 9, '7798032530116', 'masilla artesano 70gr', 'vistas/img/productos/default/anonymous.png', 3, 78.33, 148.044, 0, '2019-10-15 13:31:25'),
(147, 9, '7798032530123', 'masilla artesano 250gr', 'vistas/img/productos/default/anonymous.png', 6, 175.36, 331.43, 0, '2019-10-15 13:31:53'),
(148, 9, '7798032530130', 'masilla artesano 500gr', 'vistas/img/productos/default/anonymous.png', 5, 274.5, 518.805, 0, '2019-12-19 18:41:40'),
(149, 10, '9780201712582', 'abrelatas aluminio', 'vistas/img/productos/default/anonymous.png', 2, 228.4, 431.676, 0, '2019-10-15 19:08:02'),
(150, 10, '9780201069266', 'carol tenedor x 6 unid', 'vistas/img/productos/default/anonymous.png', 7, 106.32, 200.945, 0, '2019-10-15 19:09:18'),
(151, 10, '9780201069273', 'carol cuchara x 6 unid', 'vistas/img/productos/default/anonymous.png', 2, 106.32, 200.945, 0, '2019-10-15 19:09:56'),
(152, 10, '9780201682854', 'tramonina cuchilla 17 cm', 'vistas/img/productos/default/anonymous.png', 1, 305.52, 577.433, 0, '2019-10-15 19:10:45'),
(153, 10, '9780201991086', 'tramontina cuchillo 8', 'vistas/img/productos/default/anonymous.png', 3, 201.08, 380.041, 0, '2019-10-15 19:11:49'),
(154, 10, '9780201064186', 'cuchara madera 35cm', 'vistas/img/productos/default/anonymous.png', 2, 73.45, 138.82, 1, '2019-11-06 13:42:43'),
(155, 10, '9780201071894', 'loekemeyer afilador cuchillo', 'vistas/img/productos/default/anonymous.png', 2, 150.14, 283.765, 0, '2019-10-15 19:16:11'),
(156, 10, '9780201373059', 'loekemeyer saca corcho mozo', 'vistas/img/productos/default/anonymous.png', 4, 129.33, 244.434, 0, '2019-10-15 19:17:20'),
(157, 10, '9780201578218', 'filtro para bombilla', 'vistas/img/productos/default/anonymous.png', 4, 24, 45.36, 0, '2019-10-15 19:19:27'),
(158, 10, '9780201046182', 'lokemeyer batidor pera', 'vistas/img/productos/default/anonymous.png', 2, 94.55, 178.699, 0, '2019-10-15 19:20:20'),
(159, 10, '9780201044737', 'pala para torta', 'vistas/img/productos/default/anonymous.png', 2, 98.5, 186.165, 0, '2019-10-15 19:21:29'),
(160, 10, '9780201466195', 'pinza acero', 'vistas/img/productos/default/anonymous.png', 2, 134.75, 254.678, 0, '2019-10-15 19:22:27'),
(161, 10, '9780201317008', 'cuchara para legumbres', 'vistas/img/productos/default/anonymous.png', 1, 99.15, 187.393, 0, '2019-10-15 19:23:06'),
(162, 10, '9780201841107', 'molde para 32 ravioles', 'vistas/img/productos/default/anonymous.png', 5, 50.3, 95.067, 0, '2019-10-15 19:23:46'),
(163, 10, '9780201712087', 'manga con 4 picos', 'vistas/img/productos/default/anonymous.png', 2, 115, 217.35, 0, '2019-10-15 19:25:13'),
(164, 10, '9780201821017', 'pisa papas', 'vistas/img/productos/default/anonymous.png', 2, 50, 94.5, 0, '2019-10-15 19:25:51'),
(165, 10, '9780201524093', 'afilador cuchillo 81487', 'vistas/img/productos/default/anonymous.png', 3, 56, 105.84, 0, '2019-10-15 19:26:40'),
(166, 10, '9780201807110', 'magiclick', 'vistas/img/productos/default/anonymous.png', 3, 150, 283.5, 0, '2019-10-15 19:27:35'),
(167, 10, '9780201810455', 'perchero cocineros', 'vistas/img/productos/default/anonymous.png', 2, 185, 349.65, 0, '2019-10-15 19:28:12'),
(168, 10, '9780200711067', 'cuadro 60x20 cm', 'vistas/img/productos/default/anonymous.png', 5, 220, 415.8, 0, '2019-10-15 19:28:47'),
(169, 10, '9780200710046', 'posa pava 20 x 20 cm', 'vistas/img/productos/default/anonymous.png', 3, 111, 209.79, 0, '2019-10-15 19:29:25'),
(170, 10, '9780201712346', 'posa pava bambu', 'vistas/img/productos/default/anonymous.png', 1, 57, 107.73, 0, '2019-10-15 19:30:00'),
(171, 10, '9780201465037', 'carol espatula cucharon pvc', 'vistas/img/productos/default/anonymous.png', 8, 30, 56.7, 0, '2019-10-15 19:31:29'),
(172, 10, '9780201423143', 'pala para plancheta', 'vistas/img/productos/default/anonymous.png', 2, 188, 355.32, 0, '2019-10-15 19:32:04'),
(173, 10, '9780201487121', 'rallador para vegetales', 'vistas/img/productos/default/anonymous.png', 1, 48, 90.72, 0, '2019-10-15 19:32:59'),
(174, 10, '9780201380996', 'pala multiuso', 'vistas/img/productos/default/anonymous.png', 1, 34, 64.26, 0, '2019-10-15 19:33:34'),
(175, 10, '9780201031683', 'cucharon sopero', 'vistas/img/productos/default/anonymous.png', 1, 121, 228.69, 0, '2019-10-15 19:34:08'),
(176, 10, '9780201671803', 'molde para 12 sorrentinos', 'vistas/img/productos/default/anonymous.png', 2, 216, 408.24, 0, '2019-10-15 19:35:19'),
(177, 10, '9780201841299', 'molde para 8 sorrentinos', 'vistas/img/productos/default/anonymous.png', 3, 51, 96.39, 0, '2019-10-15 19:35:53'),
(178, 10, '9780201564662', 'newkolor cuchillo x 12', 'vistas/img/productos/default/anonymous.png', 4, 277, 523.53, 0, '2019-10-15 19:48:09'),
(179, 10, '9780201069266', 'newkolor tenedor x 6', 'vistas/img/productos/default/anonymous.png', 3, 106.3, 200.907, 0, '2019-10-15 19:49:24'),
(180, 10, '9780201233636', 'ipanema cuchara x 3', 'vistas/img/productos/default/anonymous.png', 2, 128, 241.92, 0, '2019-10-15 19:50:27'),
(181, 10, '9780201567496', 'newkolor cuchara x 12', 'vistas/img/productos/default/anonymous.png', 4, 263, 497.07, 0, '2019-10-15 19:51:41'),
(182, 10, '9780201234305', 'ipanema tenedor x 12', 'vistas/img/productos/default/anonymous.png', 5, 482.87, 912.624, 0, '2019-10-15 19:52:17'),
(183, 10, '9780201234404', 'ipanema cuchara x 12', 'vistas/img/productos/default/anonymous.png', 3, 482, 910.98, 0, '2019-10-15 19:53:10'),
(184, 10, '9780201028898', 'dynamic cuchillo x 3', 'vistas/img/productos/default/anonymous.png', 1, 130.4, 246.456, 0, '2019-10-15 19:54:15'),
(185, 10, '9780201222203', 'dynamic tenedor x 12', 'vistas/img/productos/default/anonymous.png', 4, 595, 1124.55, 0, '2019-10-15 19:54:56'),
(186, 10, '9780201221800', 'dynamic cuchara te x 12', 'vistas/img/productos/default/anonymous.png', 4, 385.11, 727.858, 0, '2019-10-15 19:57:19'),
(187, 10, '9780201988253', 'newkolor tenedor x 12', 'vistas/img/productos/default/anonymous.png', 3, 250, 472.5, 0, '2019-10-15 19:58:17'),
(188, 10, '9780201036923', 'pala para canelones', 'vistas/img/productos/default/anonymous.png', 1, 90, 170.1, 0, '2019-10-15 20:07:28'),
(189, 10, '9780201152432', 'loekemeyer extractor espumante', 'vistas/img/productos/default/anonymous.png', 4, 456, 684, 0, '2019-12-05 15:29:38'),
(190, 10, '9780201076646', 'lokemeyer abrelata mariposa', 'vistas/img/productos/default/anonymous.png', 3, 146, 275.94, 0, '2019-10-15 20:14:38'),
(191, 10, '9780201069266', 'carol tenedor copetin x 6', 'vistas/img/productos/default/anonymous.png', 7, 100, 189, 0, '2019-10-15 20:18:09'),
(192, 10, '9780201154658', 'loekemeyer corta queso', 'vistas/img/productos/default/anonymous.png', 2, 215.38, 323.07, 0, '2019-12-05 15:23:59'),
(193, 10, '9780201069273', 'newkolor cuchara x 6', 'vistas/img/productos/default/anonymous.png', 2, 107, 202.23, 0, '2019-10-15 20:20:15'),
(194, 10, '9780201222302', 'dynamic cuchara x 12', 'vistas/img/productos/default/anonymous.png', 6, 595, 1124.55, 0, '2019-10-15 20:43:08'),
(195, 9, '8435223402249', 'cepillo brocha FAB012', 'vistas/img/productos/default/anonymous.png', 3, 58, 109.62, 1, '2019-11-01 19:50:24'),
(196, 9, '8435223402270', 'cepillo hobby circular FAC050', 'vistas/img/productos/default/anonymous.png', 1, 60, 113.4, 1, '2019-11-01 19:50:24'),
(197, 9, '8435223402300', 'cepillo hobby copa FAT050', 'vistas/img/productos/default/anonymous.png', 3, 84.35, 159.421, 1, '2019-11-01 19:50:24'),
(198, 9, '8435223402157', 'cepillo conico alambre FHO100', 'vistas/img/productos/default/anonymous.png', 1, 261.75, 494.707, 0, '2019-10-17 14:11:43'),
(199, 9, '8435223402942', 'destornillador DPH202', 'vistas/img/productos/default/anonymous.png', 4, 121.22, 229.106, 0, '2019-10-17 14:15:32'),
(200, 9, '8435223402577', 'alicate univ 200mm Q108', 'vistas/img/productos/default/anonymous.png', 2, 472.53, 893.082, 0, '2019-10-17 14:18:13'),
(201, 9, '8435223402584', 'alicate diagonal 160mm Q206', 'vistas/img/productos/default/anonymous.png', 1, 379.42, 717.104, 0, '2019-10-17 14:20:54'),
(202, 9, '8435223406599', 'tijera corta caño TV08', 'vistas/img/productos/default/anonymous.png', 2, 527, 996.03, -1, '2019-10-23 14:04:52'),
(203, 9, '8435223405394', 'tijera alambrador 200mm TJ08', 'vistas/img/productos/default/anonymous.png', 1, 275.8, 521.262, 0, '2019-10-17 14:23:44'),
(204, 9, '8435223407954', 'tijera corta perno TJ12', 'vistas/img/productos/default/anonymous.png', 1, 602.52, 1138.76, 0, '2019-10-17 14:24:49'),
(205, 9, '8435223404076', 'hacha 600gr MHF', 'vistas/img/productos/default/anonymous.png', 2, 866, 1636.74, 0, '2019-10-17 14:26:57'),
(206, 9, '8435223409927', 'pistola de riego AR04', 'vistas/img/productos/default/anonymous.png', 6, 340, 642.6, 0, '2019-10-17 14:28:17'),
(207, 9, 'E6', 'llave comb mota 6mm', 'vistas/img/productos/default/anonymous.png', 3, 117.7, 222.453, 0, '2019-10-17 14:35:47'),
(208, 9, 'E07', 'llave comb mota 7mm', 'vistas/img/productos/default/anonymous.png', 3, 118, 223.02, 0, '2019-10-17 14:37:13'),
(209, 9, 'E08', 'llave comb mota 8mm', 'vistas/img/productos/default/anonymous.png', 4, 131.75, 249.008, 0, '2019-10-17 14:39:28'),
(210, 9, 'E09', 'llave comb mota 9mm', 'vistas/img/productos/default/anonymous.png', 7, 144, 272.16, 0, '2019-10-17 14:40:20'),
(211, 9, 'e10', 'llave comb mota 10 mm', 'vistas/img/productos/default/anonymous.png', 6, 152, 287.28, 0, '2019-10-17 14:46:31'),
(212, 9, 'E11', 'llave comb mota 11mm', 'vistas/img/productos/default/anonymous.png', 5, 170.5, 322.245, 0, '2019-10-17 21:00:32'),
(213, 9, 'E12', 'llave comb mota 12mm', 'vistas/img/productos/default/anonymous.png', 4, 181, 342.09, 0, '2019-10-17 21:01:50'),
(214, 9, 'E13', 'llave comb mota 13mm', 'vistas/img/productos/default/anonymous.png', 5, 182.7, 345.303, 0, '2019-10-17 21:02:29'),
(215, 9, 'E14', 'llave comb mota 14mm', 'vistas/img/productos/default/anonymous.png', 4, 235, 444.15, 0, '2019-10-17 21:09:38'),
(216, 9, 'E15', 'llave comb mota 15mm', 'vistas/img/productos/default/anonymous.png', 3, 262, 495.18, 0, '2019-10-17 21:10:39'),
(217, 9, 'E16', 'llave comb mota 16mm', 'vistas/img/productos/default/anonymous.png', 4, 315, 595.35, 0, '2019-10-17 21:16:21'),
(218, 9, 'E16', 'llave comb mota 16mm', 'vistas/img/productos/default/anonymous.png', 4, 314, 593.46, 0, '2019-10-17 21:17:50'),
(219, 9, 'E17', 'llave comb mota 17mm', 'vistas/img/productos/default/anonymous.png', 3, 340.46, 643.469, 0, '2019-10-17 21:18:31'),
(220, 9, 'E18', 'llave comb mota 18mm', 'vistas/img/productos/default/anonymous.png', 3, 420, 793.8, 0, '2019-10-17 21:25:02'),
(221, 9, 'E19', 'llave comb mota 19mm', 'vistas/img/productos/default/anonymous.png', 2, 472, 892.08, 0, '2019-10-17 21:26:17'),
(222, 9, 'E20', 'llave comb mota 20mm', 'vistas/img/productos/default/anonymous.png', 3, 525.23, 992.685, 0, '2019-10-17 21:27:06'),
(223, 9, 'E21', 'llave comb mota 21mm', 'vistas/img/productos/default/anonymous.png', 3, 575.94, 1088.53, 0, '2019-10-17 21:27:32'),
(224, 9, 'E22', 'llave comb mota 22mm', 'vistas/img/productos/default/anonymous.png', 3, 602.5, 1138.72, 0, '2019-10-17 21:28:08'),
(225, 9, 'E23', 'llave comb mota 23mm', 'vistas/img/productos/default/anonymous.png', 1, 681.5, 1288.04, 0, '2019-10-17 21:29:21'),
(226, 9, 'E24', 'llave comb mota 24mm', 'vistas/img/productos/default/anonymous.png', 1, 761, 1438.29, 0, '2019-10-17 21:41:02'),
(227, 9, 'E25', 'llave comb mota 25mm', 'vistas/img/productos/default/anonymous.png', 1, 787, 1487.43, 0, '2019-10-17 21:41:46'),
(228, 9, 'ES06', 'llave comb mota 1x4', 'vistas/img/productos/default/anonymous.png', 3, 118, 223.02, 0, '2019-10-17 22:19:49'),
(229, 9, 'ES08', 'llave comb mota 5x16', 'vistas/img/productos/default/anonymous.png', 3, 132, 249.48, 0, '2019-10-17 22:23:09'),
(230, 9, 'ES10', 'llave comb mota 3x8', 'vistas/img/productos/default/anonymous.png', 2, 153.15, 289.453, 0, '2019-10-18 11:53:16'),
(231, 9, 'ES11', 'llave comb mota 7x16', 'vistas/img/productos/default/anonymous.png', 4, 171, 323.19, 0, '2019-10-18 11:59:26'),
(232, 9, 'ES14', 'llave comb mota 7x16', 'vistas/img/productos/default/anonymous.png', 2, 236, 446.04, 0, '2019-10-18 12:02:14'),
(233, 9, 'ES13', 'llave comb mota 1x2', 'vistas/img/productos/default/anonymous.png', 5, 183, 345.87, 0, '2019-10-18 12:11:25'),
(234, 9, 'ES16', 'llave comb mota 5x8', 'vistas/img/productos/default/anonymous.png', 4, 314.45, 594.31, 0, '2019-10-18 12:12:32'),
(235, 9, 'ES18', 'llave comb mota 11x16', 'vistas/img/productos/default/anonymous.png', 2, 420, 793.8, 0, '2019-10-18 12:13:41'),
(236, 9, 'ES19', 'llave comb mota 3x4', 'vistas/img/productos/default/anonymous.png', 3, 473, 893.97, 0, '2019-10-18 12:14:29'),
(237, 9, 'ES20', 'llave comb mota 13x16', 'vistas/img/productos/default/anonymous.png', 1, 525, 992.25, 0, '2019-10-18 12:15:23'),
(238, 9, 'ES22', 'llave comb mota 7x8', 'vistas/img/productos/default/anonymous.png', 1, 603, 1139.67, 0, '2019-10-18 12:15:54'),
(239, 9, 'ES24', 'llave comb mota 15x16', 'vistas/img/productos/default/anonymous.png', 1, 761, 1438.29, 0, '2019-10-18 12:16:48'),
(240, 9, '8435223412552', 'llave comb criquet 3x8 EW510', 'vistas/img/productos/default/anonymous.png', 1, 367, 693.63, 0, '2019-10-18 12:17:46'),
(241, 9, '8435223412576', 'llave comb criquet 1x2 EW513', 'vistas/img/productos/default/anonymous.png', 1, 447, 844.83, 0, '2019-10-18 12:19:25'),
(242, 9, '8435223412590', 'llave comb criquet 5x8 EW516', 'vistas/img/productos/default/anonymous.png', 1, 525, 992.25, 0, '2019-10-18 12:20:12'),
(243, 9, '8435223400375', 'pistola inflar mota PHIN', 'vistas/img/productos/default/anonymous.png', 1, 761, 1438.29, 0, '2019-10-18 12:45:20'),
(244, 9, '8435223400405', 'boquilla univ PNC', 'vistas/img/productos/default/anonymous.png', 1, 226, 427.14, 0, '2019-10-18 12:58:51'),
(245, 9, '8435223400399', 'boquilla camion mota PNG', 'vistas/img/productos/default/anonymous.png', 1, 245, 463.05, 0, '2019-10-18 13:06:55'),
(246, 9, '8435223400344', 'pistola sopletear mota PISD', 'vistas/img/productos/default/anonymous.png', 1, 275.5, 520.695, 0, '2019-10-18 13:08:02'),
(247, 9, '8435223400351', 'pistola sopletear mota PISL', 'vistas/img/productos/default/anonymous.png', 3, 314.35, 594.122, 0, '2019-10-18 13:08:46'),
(248, 9, '8435223413368', 'alicate univ aislado mota Q108', 'vistas/img/productos/default/anonymous.png', 1, 472, 892.08, 0, '2019-10-18 13:10:34'),
(249, 9, '8435223402607', 'alicate punta 160mm Q306', 'vistas/img/productos/default/anonymous.png', 2, 314, 593.46, 0, '2019-10-18 13:11:13'),
(250, 9, '8435223402560', 'alicate univ 180mm Q107', 'vistas/img/productos/default/anonymous.png', 1, 419, 791.91, 0, '2019-10-18 13:12:09'),
(251, 9, '8435223408142', 'juego destornillador 6p DJ6', 'vistas/img/productos/default/anonymous.png', 2, 432, 816.48, 0, '2019-10-18 13:13:45'),
(252, 9, '8435223406100', 'tijera de poda 180mm TP418', 'vistas/img/productos/default/anonymous.png', 1, 832, 1572.48, 0, '2019-10-18 13:14:45'),
(253, 9, '8435223405264', 'llave carraca 1x2 EC12', 'vistas/img/productos/default/anonymous.png', 1, 907, 1714.23, 0, '2019-10-18 13:15:54'),
(254, 9, '8435223405905', 'disco sierra 180mm 60d SC760', 'vistas/img/productos/default/anonymous.png', 3, 417, 788.13, 0, '2019-10-18 13:16:55'),
(255, 9, '8435223403154', 'destornillador aislado ph1x100 dah1', 'vistas/img/productos/default/anonymous.png', 4, 105, 198.45, 0, '2019-10-18 13:19:00'),
(256, 9, 'DAH0', 'destornillador aislado ph0x075 DAH0', 'vistas/img/productos/default/anonymous.png', 1, 97, 183.33, 0, '2019-10-18 13:21:01'),
(257, 9, 'DAR05', 'destornillador aislado plano 5x125 DAR05', 'vistas/img/productos/default/anonymous.png', 1, 119.48, 225.817, 0, '2019-10-18 13:21:54'),
(258, 9, 'DAR06', 'destornillador aislado plano 6x150 DAR06', 'vistas/img/productos/default/anonymous.png', 2, 146.15, 276.224, 0, '2019-10-18 13:22:37'),
(259, 9, '8435223402843', 'destornillador plano DP5025', 'vistas/img/productos/default/anonymous.png', 3, 116, 219.24, 0, '2019-10-18 13:25:04'),
(260, 9, '8435223402805', 'destornillador plano DP0200', 'vistas/img/productos/default/anonymous.png', 2, 304, 574.56, 0, '2019-10-18 13:28:59'),
(261, 9, '8435223402928', 'destornillador ph3x150 DH3150', 'vistas/img/productos/default/anonymous.png', 2, 222.72, 420.941, 0, '2019-10-18 13:30:03'),
(262, 9, '8435223402881', 'destornillador ph1x300 DH1300', 'vistas/img/productos/default/anonymous.png', 2, 223, 421.47, 0, '2019-10-18 13:30:50'),
(263, 10, '9780201565355', 'fuente libbey bake dish', 'vistas/img/productos/default/anonymous.png', 1, 702.84, 1328.37, 0, '2019-10-18 13:51:17'),
(264, 10, '9780201666298', 'asadera rect oval 3ltr vidrio', 'vistas/img/productos/default/anonymous.png', 5, 265.3, 501.417, 0, '2019-10-18 13:56:25'),
(265, 10, '9780201622980', 'tartera vidrio 22cm', 'vistas/img/productos/default/anonymous.png', 2, 164, 309.96, 0, '2019-10-18 13:57:07'),
(266, 9, '9780201383461', 'cerealero 15cm', 'vistas/img/productos/default/anonymous.png', 4, 173.52, 327.953, 0, '2019-10-18 13:58:22'),
(267, 10, '9780201694666', 'bowl ceramica chico', 'vistas/img/productos/default/anonymous.png', 2, 193.21, 365.167, 0, '2019-10-18 13:59:07'),
(268, 10, '9780201758818', 'cremera 8cm', 'vistas/img/productos/default/anonymous.png', 2, 112.17, 212.001, 0, '2019-10-18 13:59:39'),
(269, 10, '9780201666496', 'asadera oval 4ltr', 'vistas/img/productos/default/anonymous.png', 3, 375.66, 709.997, 0, '2019-10-18 14:00:13'),
(270, 10, '9780201653489', 'asadera rect 2ltr', 'vistas/img/productos/default/anonymous.png', 7, 254.65, 481.289, 0, '2019-10-18 14:01:50'),
(271, 10, '9780201322514', 'tetera 1 pers', 'vistas/img/productos/default/anonymous.png', 2, 308.5, 583.065, 0, '2019-10-18 14:04:57'),
(272, 10, '9780201061024', 'jarro mug 740ml', 'vistas/img/productos/default/anonymous.png', 10, 192.56, 363.938, 0, '2019-10-18 14:12:16'),
(275, 10, '9780201371437', 'bowl gde 24cm', 'vistas/img/productos/default/anonymous.png', 3, 303.68, 573.955, 0, '2019-10-18 14:23:41'),
(276, 10, '9780201371178', 'bowl gde 24cm turqueza', 'vistas/img/productos/default/anonymous.png', 3, 303.68, 573.955, 0, '2019-10-18 14:38:43'),
(277, 10, '9780201105100', 'fuente rect 32x25 ceramica', 'vistas/img/productos/default/anonymous.png', 3, 1012, 1518, 0, '2019-12-05 15:31:38'),
(278, 10, '9780201383430', 'bowl cerealero 15cm rojo', 'vistas/img/productos/default/anonymous.png', 6, 173.82, 328.52, 0, '2019-10-18 15:01:31'),
(279, 10, '9780201383119', 'bowl cerealero 15cm turqueza', 'vistas/img/productos/default/anonymous.png', 4, 174, 328.86, 0, '2019-10-18 15:05:01'),
(280, 10, '9780201383416', 'bowl cerealero 15cm amarillo', 'vistas/img/productos/default/anonymous.png', 6, 174, 328.86, 0, '2019-10-18 15:07:58'),
(281, 10, '9780201248746', 'bowl 500ml corvina', 'vistas/img/productos/default/anonymous.png', 4, 226, 427.14, 0, '2019-10-18 15:12:49'),
(282, 10, '9780201676457', 'compotera galaxia 14c', 'vistas/img/productos/default/anonymous.png', 12, 32.3, 61.047, 0, '2019-10-18 18:24:10'),
(283, 10, '9780201207811', 'bowl 500cc marinex', 'vistas/img/productos/default/anonymous.png', 4, 87.5, 165.375, 0, '2019-10-18 18:34:22'),
(284, 10, '9780201239119', 'bandeja con pie cama', 'vistas/img/productos/default/anonymous.png', 1, 746.5, 1410.89, 0, '2019-10-18 18:50:10'),
(285, 10, '9780201810707', 'bandeja madera varios mod', 'vistas/img/productos/default/anonymous.png', 6, 300, 567, 0, '2019-10-18 19:03:46'),
(286, 10, '9780201973204', 'bandeja metal 40x30', 'vistas/img/productos/default/anonymous.png', 7, 255, 481.95, 0, '2019-10-18 19:01:19'),
(287, 10, '9780201881622', 'jarro ceramica varios mod', 'vistas/img/productos/default/anonymous.png', 5, 124, 234.36, 0, '2019-10-18 19:13:46'),
(288, 10, '9780201934137', 'jarro ceramica tulipa', 'vistas/img/productos/default/anonymous.png', 3, 113, 213.57, 0, '2019-10-18 19:16:13'),
(289, 10, '9780201944341', 'jarro cafe rojo 8c', 'vistas/img/productos/default/anonymous.png', 6, 140, 210, 0, '2019-12-05 15:34:37'),
(290, 10, '9780201944136', 'jarro cafe turqueza 8c', 'vistas/img/productos/default/anonymous.png', 3, 108, 204.12, 0, '2019-10-18 19:29:10'),
(291, 10, '9780201215892', 'azucarera ceramica', 'vistas/img/productos/default/anonymous.png', 3, 301.34, 569.533, 1, '2019-10-19 12:10:41'),
(292, 8, '9780201038118', 'cubre agujero cromo', 'vistas/img/productos/default/anonymous.png', 29, 41.8, 79.002, 0, '2019-10-19 12:39:45'),
(293, 9, '9780201031416', 'MANIJA ANDINA BCE METAL ', 'vistas/img/productos/default/anonymous.png', 5, 420, 672, 0, '2019-12-13 19:13:53'),
(294, 8, '9780201031393', 'manija andina pvc blanca cromo', 'vistas/img/productos/default/anonymous.png', 37, 75, 141.75, 0, '2019-10-19 12:47:38'),
(295, 8, '9780201075090', 'grasa grafitada 40gr', 'vistas/img/productos/default/anonymous.png', 4, 23.75, 35.625, 0, '2019-12-27 19:46:03'),
(296, 8, '9780201012552', 'tornillo anclaje mochila pvc par', 'vistas/img/productos/default/anonymous.png', 5, 25, 47.25, 0, '2019-10-19 13:03:05'),
(297, 8, '9780201080346', 'tornillo mochila bce fino x1', 'vistas/img/productos/default/anonymous.png', 6, 35, 66.15, 0, '2019-10-19 13:10:12'),
(298, 8, '9780201084559', 'tornillo mochila bce grueso x1', 'vistas/img/productos/default/anonymous.png', 6, 49, 92.61, 1, '2019-10-19 13:51:05'),
(299, 8, '9780201041903', 'asiento inodoro pvc pringles', 'vistas/img/productos/default/anonymous.png', 2, 230, 434.7, 2, '2019-10-23 19:59:36'),
(300, 9, '9780201096118', 'sapito rociador 1 pulg', 'vistas/img/productos/default/anonymous.png', 10, 71.73, 135.57, 0, '2019-10-19 13:55:08'),
(301, 9, '9780201078466', 'tubo aluminio ext 3pulg', 'vistas/img/productos/default/anonymous.png', 4, 200, 378, 0, '2019-10-19 14:04:08'),
(302, 9, '9780201078749', 'tubo aluminio ext 4 pulg', 'vistas/img/productos/default/anonymous.png', 4, 270, 510.3, 0, '2019-10-19 14:12:19'),
(303, 8, '9780201202304', 'brazo lluvia metal 35cm', 'vistas/img/productos/default/anonymous.png', 12, 191, 360.99, 0, '2019-10-19 14:31:08'),
(304, 8, '9780201202298', 'flor ducha 8pulg rod cua', 'vistas/img/productos/default/anonymous.png', 5, 563, 1064.07, 1, '2019-10-26 14:32:49'),
(305, 8, '9780201202281', 'flor ducha 6 pulg', 'vistas/img/productos/default/anonymous.png', 4, 409.5, 773.955, 0, '2019-10-19 14:37:55'),
(306, 9, '9780201222227', 'kit reparacion pileta', 'vistas/img/productos/default/anonymous.png', 10, 116.05, 219.335, 0, '2019-10-19 14:40:37'),
(307, 8, '9780201002638', 'resistencia bce foco', 'vistas/img/productos/default/anonymous.png', 5, 128, 241.92, 1, '2019-10-30 14:41:55'),
(308, 8, '9780201001921', 'resistencia bce pulmon', 'vistas/img/productos/default/anonymous.png', 6, 150, 283.5, 0, '2019-10-19 14:48:21'),
(309, 9, '9780201120806', 'lapiz carpintero', 'vistas/img/productos/default/anonymous.png', 18, 13.25, 25.0425, 0, '2019-10-19 14:54:14'),
(310, 8, '9780201081558', 'volante allegro metalico', 'vistas/img/productos/default/anonymous.png', 10, 197.4, 373.086, 0, '2019-10-19 15:00:40'),
(312, 9, '9780201901504', 'tanza redonda 1 5mm x mtr', 'vistas/img/productos/default/anonymous.png', 450, 2.26, 5.0172, 0, '2019-10-19 15:08:37'),
(313, 9, '9780201075045', 'litargirio 100gr', 'vistas/img/productos/default/anonymous.png', 23, 55.63, 105.141, 0, '2019-10-19 15:14:33'),
(314, 9, '9780201040319', 'robinete 14x18', 'vistas/img/productos/default/anonymous.png', 2, 590, 1115.1, 0, '2019-10-19 15:28:00'),
(315, 8, '9780201040418', 'valvula pulsadora 18x18', 'vistas/img/productos/default/anonymous.png', 2, 300, 567, 0, '2019-10-19 15:29:30'),
(316, 8, '9780201065107', 'valvula retencion pvc 34', 'vistas/img/productos/default/anonymous.png', 12, 115, 217.35, 0, '2019-10-25 20:31:29'),
(317, 8, '9780201202243', 'flor ducha 4 pulg', 'vistas/img/productos/default/anonymous.png', 16, 305, 576.45, 0, '2019-10-19 15:40:01'),
(318, 9, '9780201075342', 'cartucho gas butano', 'vistas/img/productos/default/anonymous.png', 17, 92.2, 174.258, 0, '2019-10-19 15:57:09'),
(319, 9, '9780201700213', 'difusor tridireccional lamp E27', 'vistas/img/productos/default/anonymous.png', 11, 390, 737.1, 0, '2019-10-19 16:03:17'),
(320, 9, '9780201100921', 'caja botiquin', 'vistas/img/productos/default/anonymous.png', 2, 170, 321.3, 0, '2019-10-19 16:11:46'),
(321, 9, '9780201096217', 'reel para manguera', 'vistas/img/productos/default/anonymous.png', 8, 754, 1425.06, 0, '2019-10-19 16:14:22'),
(322, 9, '9780201213089', 'set pala jardin', 'vistas/img/productos/default/anonymous.png', 7, 128, 241.92, 1, '2019-10-19 16:23:07'),
(323, 9, '9780201311785', 'regadera pvc 5ltr', 'vistas/img/productos/default/anonymous.png', 5, 202, 381.78, 0, '2019-10-21 11:59:38'),
(324, 9, '9780201311846', 'regadera pvc 10ltr', 'vistas/img/productos/default/anonymous.png', 4, 300, 567, 0, '2019-10-21 12:04:08'),
(325, 8, '9780201038484', 'valvula descarga capea roca', 'vistas/img/productos/default/anonymous.png', 8, 300, 567, 0, '2019-10-21 12:08:58'),
(326, 9, '9780201018882', 'pala parrillera', 'vistas/img/productos/default/anonymous.png', 2, 180, 432, 0, '2019-10-22 18:43:43'),
(327, 9, '9780201018868', 'tenedor parrillero', 'vistas/img/productos/default/anonymous.png', 2, 180, 432, 0, '2019-10-22 18:43:30'),
(328, 9, '9780201096040', 'rociador bce n2', 'vistas/img/productos/default/anonymous.png', 12, 290, 548.1, 0, '2019-10-21 12:52:32'),
(329, 9, '9780201213089', 'palita jardinera', 'vistas/img/productos/default/anonymous.png', 4, 110, 207.9, 0, '2019-10-21 13:32:23'),
(330, 9, '9780201083118', 'caballete madera', 'vistas/img/productos/default/anonymous.png', 6, 360, 680.4, 2, '2019-10-31 14:14:49'),
(331, 9, '9780201451467', 'aspiradora volt 12v', 'vistas/img/productos/default/anonymous.png', 2, 720, 1360.8, 0, '2019-10-21 13:58:01'),
(332, 9, '9780201222203', 'boya dosificadora pileta', 'vistas/img/productos/default/anonymous.png', 20, 63, 119.07, 0, '2019-10-21 13:58:53'),
(334, 9, '9780201404494', 'engrampadora', 'vistas/img/productos/default/anonymous.png', 6, 422, 797.58, 0, '2019-10-21 14:02:05'),
(335, 8, '9780201821024', 'pico J grif mesada', 'vistas/img/productos/default/anonymous.png', 9, 200, 378, 1, '2019-10-22 21:28:10'),
(336, 8, '9780201093032', 'monocomando piazza con base', 'vistas/img/productos/default/anonymous.png', 1, 3185, 6019.65, 0, '2019-10-21 15:04:19'),
(337, 8, '9780201002386', 'lluvia tipo lorenzetti', 'vistas/img/productos/default/anonymous.png', 2, 1082, 2044.98, 0, '2019-10-21 18:21:43'),
(338, 8, '9780201202618', 'monocomando mozart alto 20cm', 'vistas/img/productos/default/anonymous.png', 1, 1478, 2793.42, 0, '2019-10-21 18:26:39'),
(339, 8, '9780201050349', 'griferia pvc mesada', 'vistas/img/productos/default/anonymous.png', 2, 237, 447.93, 0, '2019-10-21 18:29:47'),
(340, 8, '9780201087895', 'aro para camara ovcam', 'vistas/img/productos/default/anonymous.png', 8, 173.7, 328.293, 0, '2019-10-21 18:33:36'),
(341, 9, '9780201400731', 'pistola aplicadora sellador', 'vistas/img/productos/default/anonymous.png', 10, 151.2, 285.768, 0, '2019-10-21 18:37:59'),
(342, 9, '9780201213454', 'termofusora 800w maletin', 'vistas/img/productos/default/anonymous.png', 1, 1662, 3141.18, 0, '2019-10-21 18:41:48'),
(343, 9, '9780201101010', 'caja herramientas mano 19pulg', 'vistas/img/productos/default/anonymous.png', 3, 1563, 2954.07, 0, '2019-10-21 18:46:33'),
(344, 9, '9780201070972', 'bomba presurizadora 100w', 'vistas/img/productos/default/anonymous.png', 2, 3385.8, 6399.16, 0, '2019-10-21 18:55:10'),
(345, 9, '9780201070439', 'bomba periferica 12 hp', 'vistas/img/productos/default/anonymous.png', 6, 2056.5, 3886.78, 0, '2019-10-21 18:59:22'),
(346, 8, '9780201087888', 'kit camara ovcam', 'vistas/img/productos/default/anonymous.png', 6, 1285, 2428.65, 0, '2019-10-21 19:03:18'),
(347, 9, '9780201120752', 'caño extensor pintor', 'vistas/img/productos/default/anonymous.png', 4, 382, 721.98, 0, '2019-10-21 19:07:04'),
(348, 9, '9780201404531', 'enrollador 4mtr', 'vistas/img/productos/default/anonymous.png', 11, 113, 213.57, 1, '2019-10-30 13:09:37'),
(349, 9, '9780201404548', 'enrollador 6mtr ', 'vistas/img/productos/default/anonymous.png', 10, 147, 277.83, 0, '2019-10-21 19:20:15'),
(350, 8, '9780201065114', 'valvula retencion pvc 1pulg', 'vistas/img/productos/default/anonymous.png', 10, 132, 249.48, 0, '2019-10-21 19:24:39'),
(351, 9, '9780201520224', 'zinc curva articulada 4pulg', 'vistas/img/productos/default/anonymous.png', 20, 70.2, 132.678, 0, '2019-10-21 19:32:23'),
(352, 9, '9780201015904', 'grampa magari 5pulg', 'vistas/img/productos/default/anonymous.png', 10, 70, 132.3, 0, '2019-10-21 19:37:30'),
(353, 10, '9780201388152', 'jarra vidrio', 'vistas/img/productos/default/anonymous.png', 2, 104.3, 197.127, 0, '2019-10-22 13:53:15'),
(354, 10, '9780201389425', 'jarra vidrio mexico', 'vistas/img/productos/default/anonymous.png', 3, 229, 432.81, 0, '2019-10-22 14:04:43'),
(355, 9, '9780201756807', 'cazuela ceramica 10cm', 'vistas/img/productos/default/anonymous.png', 6, 66.6, 125.874, 0, '2019-10-22 14:13:21'),
(356, 10, '9780201756852', 'cazuela ceramica 14cm', 'vistas/img/productos/default/anonymous.png', 6, 103.34, 195.313, 0, '2019-10-22 14:13:53'),
(357, 10, '9780201881509', 'taza ceramica modelos varios', 'vistas/img/productos/default/anonymous.png', 3, 123.65, 233.699, 0, '2019-10-22 14:24:04'),
(358, 10, '9780201913033', 'taza ceramica bicicleta', 'vistas/img/productos/default/anonymous.png', 1, 157.55, 297.77, 2, '2019-12-12 14:27:39'),
(359, 10, '9780201913033', 'taza ceramica futbol', 'vistas/img/productos/default/anonymous.png', 2, 87, 164.43, 0, '2019-10-22 14:29:33'),
(360, 10, '9780201881622', 'taza unicornio', 'vistas/img/productos/default/anonymous.png', 8, 123.65, 233.699, 0, '2019-10-22 14:31:59'),
(361, 10, '9780201475005', 'chopps cerveza', 'vistas/img/productos/default/anonymous.png', 10, 84.1, 158.949, 0, '2019-10-22 15:01:11'),
(362, 9, '9780201018875', 'pinza parrillera', 'vistas/img/productos/default/anonymous.png', 2, 177, 424.8, 0, '2019-10-22 18:39:26'),
(363, 9, '9780201018905', 'pinche parrillero', 'vistas/img/productos/default/anonymous.png', 2, 255, 481.95, 0, '2019-10-22 18:42:18'),
(364, 10, '9780201046168', 'pava guadix', 'vistas/img/productos/default/anonymous.png', 2, 491, 927.99, 0, '2019-10-23 12:08:43'),
(365, 10, '9780201035209', 'pava anabea', 'vistas/img/productos/default/anonymous.png', 2, 680, 1285.2, 0, '2019-10-23 12:10:29'),
(366, 10, '9780201814446', 'pava carol', 'vistas/img/productos/default/anonymous.png', 1, 549, 1037.61, 0, '2019-10-23 12:12:25'),
(367, 10, '9780201572742', 'pava hudson', 'vistas/img/productos/default/anonymous.png', 2, 579, 1100.1, 0, '2019-11-01 19:17:48'),
(368, 10, '9780201032048', 'ensaladera acero 24cm', 'vistas/img/productos/default/anonymous.png', 2, 187.28, 353.959, 0, '2019-10-23 12:17:07'),
(369, 10, '9780201030808', 'legumbrera oval', 'vistas/img/productos/default/anonymous.png', 3, 280, 529.2, 0, '2019-10-23 12:20:55'),
(370, 10, '9780201063110', 'asadera acero 33x23', 'vistas/img/productos/default/anonymous.png', 3, 260.35, 492.061, 0, '2019-10-23 12:23:37'),
(371, 10, '9780201032543', 'asadera metal 38x28', 'vistas/img/productos/default/anonymous.png', 2, 349.58, 660.706, 0, '2019-10-23 12:49:33'),
(372, 10, '9780201496222', 'cacerola aluminio num 22', 'vistas/img/productos/default/anonymous.png', 1, 470, 888.3, 0, '2019-10-23 13:03:42'),
(373, 10, '9780201496208', 'cacerola aluminio num 20', 'vistas/img/productos/default/anonymous.png', 1, 400, 756, 0, '2019-10-23 13:04:14'),
(374, 10, '9780201502718', 'wok hudson 32cm', 'vistas/img/productos/default/anonymous.png', 1, 1132, 2139.48, 0, '2019-10-23 13:07:41'),
(375, 10, '9780201595888', 'cacerola acero 24cm hudson', 'vistas/img/productos/default/anonymous.png', 1, 1018, 1924.02, 0, '2019-10-23 13:10:19'),
(376, 10, '9780201504019', 'guisera 28cm hudson', 'vistas/img/productos/default/anonymous.png', 3, 918, 1735.02, 0, '2019-10-23 13:12:53'),
(377, 10, '9780201031577', 'cacerola guadix 22cm', 'vistas/img/productos/default/anonymous.png', 1, 762, 1440.18, 0, '2019-10-23 13:15:38'),
(378, 10, '9780201535020', 'pochoclera', 'vistas/img/productos/default/anonymous.png', 1, 757, 1430.73, 0, '2019-10-23 13:16:15'),
(379, 10, '9780201031553', 'cacerola 18cm guadix', 'vistas/img/productos/default/anonymous.png', 1, 610, 1152.9, 0, '2019-10-23 14:05:57'),
(380, 10, '9780201411591', 'wok guadix 30cm', 'vistas/img/productos/default/anonymous.png', 1, 854, 1614.06, 0, '2019-10-23 14:06:29'),
(381, 10, '9780201096002', 'sapito rociador celeste', 'vistas/img/productos/default/anonymous.png', 39, 29, 54.81, -2, '2019-12-19 18:43:08'),
(382, 8, '9780201929461', 'asiento madera bari', 'vistas/img/productos/default/anonymous.png', 4, 857, 1619.73, 0, '2019-10-23 18:34:35'),
(383, 8, '9780201820713', 'cabezal peirano modelo funcional', 'vistas/img/productos/default/anonymous.png', 10, 183.6, 347.004, 0, '2019-10-23 18:38:45'),
(384, 8, '9780201030334', 'flotante deposito errede', 'vistas/img/productos/default/anonymous.png', 20, 156, 294.84, 0, '2019-10-23 18:47:37'),
(385, 9, '9780201035087', 'abrazadera para mang gas', 'vistas/img/productos/default/anonymous.png', 30, 19, 35.91, 0, '2019-10-23 18:54:50'),
(386, 9, '9780201221367', 'abrazadera 30 20', 'vistas/img/productos/default/anonymous.png', 25, 23, 43.47, 0, '2019-10-23 18:58:26'),
(387, 10, '9780201116151', 'sarten flow 20cm', 'vistas/img/productos/default/anonymous.png', 1, 331, 625.59, 0, '2019-10-23 19:53:24'),
(388, 10, '9780201116984', 'sarten flow 26cm', 'vistas/img/productos/default/anonymous.png', 1, 451, 852.39, 0, '2019-10-23 19:53:51'),
(389, 10, '9780201712865', 'taza ceramica blanca', 'vistas/img/productos/default/anonymous.png', 8, 119.71, 226.252, 0, '2019-10-24 12:32:29'),
(390, 10, '9780201190519', 'jarro hervidor n12', 'vistas/img/productos/default/anonymous.png', 2, 181.55, 343.129, 0, '2019-10-24 12:35:17'),
(391, 10, '9780201445244', 'frasco tapa madera 500cc', 'vistas/img/productos/default/anonymous.png', 2, 293.33, 554.394, 0, '2019-10-24 12:57:43'),
(392, 10, '9780201442403', 'frasco tapa madera 750cc', 'vistas/img/productos/default/anonymous.png', 2, 315, 595.35, 0, '2019-10-24 13:02:52'),
(393, 10, '9780201162011', 'frasco vidrio tapa metal', 'vistas/img/productos/default/anonymous.png', 3, 137, 258.93, 0, '2019-10-24 13:05:56'),
(394, 10, '9780201104325', 'frasco vidrio tapa metal 1500cc', 'vistas/img/productos/default/anonymous.png', 3, 198, 374.22, 0, '2019-10-24 13:08:27'),
(395, 10, '9780201162028', 'frasco vidrio buho', 'vistas/img/productos/default/anonymous.png', 2, 185, 349.65, 0, '2019-10-24 13:11:29'),
(396, 10, '9780201803945', 'brasero metal con bandeja', 'vistas/img/productos/default/anonymous.png', 1, 792, 1496.88, 0, '2019-10-24 14:07:33'),
(397, 10, '9780201822137', 'brasero metal negro', 'vistas/img/productos/default/anonymous.png', 1, 454, 858.06, 0, '2019-10-24 14:12:07'),
(398, 10, '9780201765274', 'pizzera guadix 35cm', 'vistas/img/productos/default/anonymous.png', 4, 429, 810.81, 0, '2019-10-24 14:14:29'),
(399, 10, '9780201031942', 'colapastas acero', 'vistas/img/productos/default/anonymous.png', 3, 279, 527.31, 0, '2019-10-24 14:16:58'),
(400, 10, '9780201560930', 'pizzera nupcial 35cm', 'vistas/img/productos/default/anonymous.png', 1, 129, 243.81, 0, '2019-10-24 14:23:27'),
(401, 10, '9780201056099', 'pizzera jovifel enlozada', 'vistas/img/productos/default/anonymous.png', 1, 246, 464.94, 0, '2019-10-24 14:24:08'),
(402, 10, '9780201710434', 'pizzera metal econ', 'vistas/img/productos/default/anonymous.png', 9, 100, 189, 0, '2019-10-24 14:27:53'),
(403, 10, '9780201357066', 'tortera 22cm con manija silicona', 'vistas/img/productos/default/anonymous.png', 2, 306, 578.34, 0, '2019-10-24 14:34:21'),
(404, 10, '9780201259353', 'pizzera tramontina', 'vistas/img/productos/default/anonymous.png', 2, 311, 587.79, 0, '2019-10-24 18:30:48'),
(405, 10, '9780201589108', 'asadera tramontina 35x28', 'vistas/img/productos/default/anonymous.png', 1, 632, 1194.48, 0, '2019-10-24 18:56:48'),
(406, 10, '9780201357370', 'asadera tramontina 33x23', 'vistas/img/productos/default/anonymous.png', 1, 437, 825.93, 0, '2019-10-24 18:57:16'),
(407, 10, '9780201599275', 'asadera tramontina 40x30', 'vistas/img/productos/default/anonymous.png', 1, 775, 1464.75, 0, '2019-10-24 19:01:25'),
(408, 10, '9780201064315', 'tabla pizzera madera', 'vistas/img/productos/default/anonymous.png', 0, 271, 512.19, 1, '2019-10-24 19:45:05'),
(409, 10, '9780201177589', 'tabla para picar pvc', 'vistas/img/productos/default/anonymous.png', 6, 80, 151.2, 0, '2019-10-24 19:04:57'),
(410, 10, '9780201053036', 'tabla pizzera pvc', 'vistas/img/productos/default/anonymous.png', 5, 103, 194.67, 0, '2019-10-24 19:31:40'),
(411, 10, '9780201296631', 'tabla picar madera con manija', 'vistas/img/productos/default/anonymous.png', 7, 397, 750.33, 0, '2019-10-24 19:35:35'),
(412, 10, '9780201594003', 'tabla picar pvc 20x30', 'vistas/img/productos/default/anonymous.png', 4, 150.51, 284.464, 0, '2019-10-24 19:50:51'),
(413, 10, '9780201203233', 'tabla picar madera 26x50', 'vistas/img/productos/default/anonymous.png', 2, 244.56, 462.218, 0, '2019-10-24 20:06:30'),
(414, 10, '9780201719055', 'tabla madera picar 34x23 tramontina', 'vistas/img/productos/default/anonymous.png', 1, 602.42, 1138.57, 0, '2019-10-24 20:10:06'),
(415, 10, '9780201064087', 'plato madera 24cm', 'vistas/img/productos/default/anonymous.png', 25, 95, 179.55, 0, '2019-10-24 20:13:02'),
(416, 10, '9780201296211', 'tabla picar madera con manija 24x34', 'vistas/img/productos/default/anonymous.png', 1, 422.59, 798.695, 0, '2019-10-24 20:17:05'),
(417, 8, '9780201075083', 'cañamo peinado 20gr', 'vistas/img/productos/default/anonymous.png', 5, 38, 71.82, 0, '2019-10-25 20:27:53'),
(418, 8, '9780201083569', 'grasa litio 45gr', 'vistas/img/productos/default/anonymous.png', 15, 55, 103.95, 0, '2019-10-25 20:28:44'),
(419, 8, '9780201075069', 'glicerina pura 100cc', 'vistas/img/productos/default/anonymous.png', 4, 23, 43.47, 0, '2019-10-25 20:29:18'),
(420, 10, '9780201064360', 'cuchara madera 40cm', 'vistas/img/productos/default/anonymous.png', 4, 81, 153.09, 0, '2019-11-01 19:09:28'),
(421, 10, '9780201064575', 'palo amasar madera 50cm', 'vistas/img/productos/default/anonymous.png', 1, 178, 336.42, 0, '2019-11-01 19:10:08'),
(422, 10, '9780201542615', 'pisa papa cabo madera pvc', 'vistas/img/productos/default/anonymous.png', 2, 74, 139.86, 0, '2019-11-01 19:10:43'),
(423, 10, '9780201064452', 'palo amasar madera 30cm', 'vistas/img/productos/default/anonymous.png', 2, 90, 170.1, 0, '2019-11-01 19:11:14'),
(424, 10, '9780201542417', 'cuchara servir mango madera', 'vistas/img/productos/default/anonymous.png', 2, 100, 189, 0, '2019-11-01 19:11:56'),
(425, 10, '9780201343014', 'cuchara fideos mango madera', 'vistas/img/productos/default/anonymous.png', 3, 60, 113.4, 0, '2019-11-01 19:12:52'),
(426, 10, '9780201542417', 'espumadera mango aluminio', 'vistas/img/productos/default/anonymous.png', 3, 100, 189, 0, '2019-11-01 19:13:35'),
(427, 10, '9780201216707', 'escurridor cubiertos acero', 'vistas/img/productos/default/anonymous.png', 5, 114, 215.46, 0, '2019-11-01 19:20:13'),
(428, 10, '9780201639230', 'cuchara cafe chica x 12', 'vistas/img/productos/default/anonymous.png', 2, 165.75, 313.267, 0, '2019-11-01 19:22:26'),
(429, 10, '9780201208429', 'cuchara postre metal x 12', 'vistas/img/productos/default/anonymous.png', 2, 336.3, 635.607, 0, '2019-11-01 19:22:56'),
(430, 10, '9780201707526', 'cuchillo de mesa x 5', 'vistas/img/productos/default/anonymous.png', 2, 716, 1353.24, 0, '2019-11-01 19:23:41'),
(431, 10, '9780201707694', 'cuchara sopera x 12', 'vistas/img/productos/default/anonymous.png', 1, 855, 1615.95, 0, '2019-11-01 19:24:13'),
(432, 10, '9780201063929', 'tenedor mesa x 12', 'vistas/img/productos/default/anonymous.png', 2, 380, 718.2, 0, '2019-11-01 19:24:54'),
(433, 10, '9780201674170', 'pincel silicona reposteria', 'vistas/img/productos/default/anonymous.png', 5, 79, 149.31, 0, '2019-11-01 19:25:36'),
(434, 10, '9780201057584', 'espatula silicona reposteria', 'vistas/img/productos/default/anonymous.png', 3, 72, 136.08, 0, '2019-11-01 19:26:09');
INSERT INTO `productos` (`id`, `id_categoria`, `codigo`, `descripcion`, `imagen`, `stock`, `precio_compra`, `precio_venta`, `ventas`, `fecha`) VALUES
(435, 10, '9780201031157', 'hielera 1persona', 'vistas/img/productos/default/anonymous.png', 6, 98, 185.22, 0, '2019-11-01 19:27:54'),
(436, 10, '9780201361889', 'hielera 2 personas 12cm', 'vistas/img/productos/default/anonymous.png', 3, 125, 236.25, 0, '2019-11-01 19:28:43'),
(437, 10, '9780201049534', 'frapera acero', 'vistas/img/productos/default/anonymous.png', 2, 260, 491.4, 0, '2019-11-01 19:29:08'),
(438, 10, '9780201871555', 'cortador de papas', 'vistas/img/productos/default/anonymous.png', 1, 507, 958.23, 0, '2019-11-01 19:31:42'),
(439, 10, '9780201032581', 'set cubiertos carol x 24 pzas', 'vistas/img/productos/default/anonymous.png', 2, 529, 999.81, 0, '2019-11-01 19:33:02'),
(440, 10, '9780201220674', 'set cubiertos tramontina x 24pzas corycor', 'vistas/img/productos/default/anonymous.png', 1, 1587, 2808.99, 0, '2019-11-01 19:34:37'),
(441, 10, '9780201182989', 'especiero vidrio x 4', 'vistas/img/productos/default/anonymous.png', 2, 366, 691.74, 0, '2019-11-01 19:36:29'),
(442, 10, '9780201558371', 'botella deportiva lumilagro', 'vistas/img/productos/default/anonymous.png', 2, 252, 476.28, 0, '2019-11-01 19:38:13'),
(443, 10, '9780201261103', 'botella brikenia', 'vistas/img/productos/default/anonymous.png', 1, 523, 988.47, 0, '2019-11-01 19:38:52'),
(444, 10, '9780201283914', 'termo acero 500cc', 'vistas/img/productos/default/anonymous.png', 1, 429, 810.81, 0, '2019-11-01 19:56:31'),
(445, 10, '9780201261103', 'botella acero sport', 'vistas/img/productos/default/anonymous.png', 1, 523, 988.47, 0, '2019-11-01 19:57:01'),
(446, 10, '9780201347357', 'vaso fernet alum trago largo', 'vistas/img/productos/default/anonymous.png', 2, 192, 362.88, 0, '2019-11-01 19:59:24'),
(447, 10, '9780201745320', 'chopp aluminio', 'vistas/img/productos/default/anonymous.png', 2, 314, 593.46, 0, '2019-11-01 19:59:51'),
(448, 10, '9780201177213', 'jarro termico', 'vistas/img/productos/default/anonymous.png', 3, 80, 151.2, 0, '2019-11-01 20:00:15'),
(449, 10, '9780201593068', 'chopp plastico', 'vistas/img/productos/default/anonymous.png', 3, 135, 255.15, 0, '2019-11-01 20:00:54'),
(450, 10, '9780201233216', 'jarro vidrio con sorbete ', 'vistas/img/productos/default/anonymous.png', 4, 73, 137.97, 0, '2019-11-01 20:02:46'),
(451, 10, '9780201868470', 'botella vidrio 500cc', 'vistas/img/productos/default/anonymous.png', 2, 66, 124.74, 0, '2019-11-01 20:03:24'),
(452, 10, '9780201611175', 'vaso plastico oslo', 'vistas/img/productos/default/anonymous.png', 40, 39, 73.71, 0, '2019-11-01 20:05:10'),
(453, 10, '9780201445312', 'vaso infantil', 'vistas/img/productos/default/anonymous.png', 5, 23, 43.47, 0, '2019-11-01 20:05:32'),
(454, 10, '9780201099225', 'vaso acero', 'vistas/img/productos/default/anonymous.png', 8, 62, 117.18, 0, '2019-11-01 20:05:54'),
(455, 10, '9780201567403', 'vaso plastico bc', 'vistas/img/productos/default/anonymous.png', 34, 8, 15.12, 0, '2019-11-01 20:07:08'),
(456, 10, '9780201432589', 'compotera melamina 17cm', 'vistas/img/productos/default/anonymous.png', 2, 48, 90.72, 0, '2019-11-01 20:07:58'),
(457, 10, '9780201181364', 'compotera melamina 25cm', 'vistas/img/productos/default/anonymous.png', 10, 110, 207.9, -2, '2019-12-19 18:43:08'),
(458, 10, '9780201445169', 'plato playo pvc cuadrado', 'vistas/img/productos/default/anonymous.png', 19, 73, 137.97, 0, '2019-11-01 20:10:18'),
(459, 10, '9780201413366', 'plato playo pvc est red', 'vistas/img/productos/default/anonymous.png', 24, 45, 85.05, 0, '2019-11-01 20:11:49'),
(460, 10, '9780201711516', 'plato playo pvc blanco', 'vistas/img/productos/default/anonymous.png', 36, 24, 45.36, 0, '2019-11-01 20:22:51'),
(461, 10, '9780201721492', 'plato pvc cuadrado bl negro', 'vistas/img/productos/default/anonymous.png', 49, 18, 34.02, 0, '2019-11-01 20:24:05'),
(462, 10, '9780201181326', 'plato melamina bl', 'vistas/img/productos/default/anonymous.png', 16, 44.85, 84.7665, 0, '2019-11-01 20:24:52'),
(463, 10, '9780201058369', 'molde para torta 24x24', 'vistas/img/productos/default/anonymous.png', 2, 247, 466.83, 0, '2019-11-01 20:26:06'),
(464, 10, '9780201058376', 'molde para torta 27x27', 'vistas/img/productos/default/anonymous.png', 3, 345, 652.05, 0, '2019-11-01 20:26:33'),
(465, 10, '9780201058161', 'molde para torta 23x33', 'vistas/img/productos/default/anonymous.png', 3, 264, 498.96, 0, '2019-11-01 20:27:00'),
(466, 10, '9780201251326', 'budinera 20cm', 'vistas/img/productos/default/anonymous.png', 2, 111, 209.79, 0, '2019-11-01 20:27:32'),
(467, 10, '9780201058079', 'budinera 26cm', 'vistas/img/productos/default/anonymous.png', 1, 152, 287.28, 0, '2019-11-01 20:27:57'),
(468, 10, '9780201583212', 'molde desmontable num 2', 'vistas/img/productos/default/anonymous.png', 2, 243, 459.27, 0, '2019-11-01 20:29:57'),
(469, 10, '9780201131406', 'hervidor alum num 14', 'vistas/img/productos/default/anonymous.png', 2, 220, 415.8, 0, '2019-11-01 20:30:48'),
(470, 10, '9780201784145', 'pava aluminio num 14', 'vistas/img/productos/default/anonymous.png', 6, 210, 396.9, 0, '2019-11-01 20:31:13'),
(471, 10, '9780201040845', 'pava aluminio num 20', 'vistas/img/productos/default/anonymous.png', 1, 430, 812.7, 0, '2019-11-01 20:31:43'),
(472, 10, '9780201040128', 'flanera aluminio num 22', 'vistas/img/productos/default/anonymous.png', 4, 95, 179.55, 0, '2019-11-01 20:33:04'),
(473, 10, '9780201040135', 'flanera aluminio num 24', 'vistas/img/productos/default/anonymous.png', 3, 103, 194.67, 0, '2019-11-01 20:33:32'),
(474, 10, '9780201581430', 'savarin num 24', 'vistas/img/productos/default/anonymous.png', 1, 152, 287.28, 0, '2019-11-01 20:34:00'),
(475, 10, '9780201589160', 'savarin num 26', 'vistas/img/productos/default/anonymous.png', 1, 165, 311.85, 0, '2019-11-01 20:34:28'),
(476, 10, '9780201278026', 'molde desmontable pastafrola num 26', 'vistas/img/productos/default/anonymous.png', 5, 120, 226.8, 0, '2019-11-01 20:35:45'),
(477, 10, '9780201049695', 'cacerola hotel alum num 24', 'vistas/img/productos/default/anonymous.png', 1, 570, 1077.3, 0, '2019-11-01 20:36:40'),
(478, 10, '9780201049411', 'cacerola hotel alum num 28', 'vistas/img/productos/default/anonymous.png', 1, 735, 1389.15, 0, '2019-11-01 20:37:10'),
(479, 10, '9780201601824', 'cacerola hotel alum num 18', 'vistas/img/productos/default/anonymous.png', 1, 365, 689.85, 0, '2019-11-01 20:38:31'),
(480, 10, '9780201049695', 'cacerola hotel alum num 24', 'vistas/img/productos/default/anonymous.png', 1, 571, 1079.19, 0, '2019-11-01 20:39:07'),
(481, 10, '9780201509052', 'espejo pvc', 'vistas/img/productos/default/anonymous.png', 6, 142, 268.38, 0, '2019-11-01 20:54:38'),
(482, 11, '9780201130072', 'LLAVE UNIP 20051', 'vistas/img/productos/default/anonymous.png', 200, 20.2356, 38.2453, 0, '2019-11-04 12:32:45'),
(483, 11, '9780201700145', 'TERMICA JELUZ 2 X 32 ', 'vistas/img/productos/default/anonymous.png', 6, 266, 399, 0, '2019-12-10 20:12:26'),
(485, 11, '9780201452068', 'PANEL DE APLICAR 24 W ', 'vistas/img/productos/default/anonymous.png', 12, 549, 1037.61, 0, '2019-11-04 12:37:20'),
(486, 11, '9780201452143', 'PANEL DE APLICAR 18 W ', 'vistas/img/productos/default/anonymous.png', 10, 365, 689.85, 0, '2019-11-04 12:38:22'),
(487, 11, '9780201452044', 'PANEL DE APLICAR REDONDO 18 W ', 'vistas/img/productos/default/anonymous.png', 10, 347, 655.83, 0, '2019-11-04 12:39:50'),
(488, 11, '9780201452006', 'PANEL DE APLICAR DE 6 W', 'vistas/img/productos/default/anonymous.png', 9, 199, 376.11, 0, '2019-11-04 12:40:54'),
(489, 11, '9780201452563', 'PANEL DE EMBUTIR 18 W ', 'vistas/img/productos/default/anonymous.png', 20, 283, 534.87, 0, '2019-11-04 12:41:45'),
(490, 11, '9780201452549', 'PANEL DE EMBUTIR DE 12 W ', 'vistas/img/productos/default/anonymous.png', 15, 238, 449.82, 0, '2019-11-04 12:42:37'),
(491, 11, '9780201451122', 'PROY LED 100 W', 'vistas/img/productos/default/anonymous.png', 1, 1679, 3173.31, 0, '2019-12-14 14:02:57'),
(492, 11, '9780201451061', 'PROY LED 30 W', 'vistas/img/productos/default/anonymous.png', 6, 535, 1011.15, 0, '2019-11-04 12:44:21'),
(493, 11, '9780201451085', 'PROY LED 50 W', 'vistas/img/productos/default/anonymous.png', 6, 703, 1328.67, 0, '2019-11-04 12:45:34'),
(494, 11, '9780201700503', 'DIYUNTOR 2 X 25 AMP', 'vistas/img/productos/default/anonymous.png', 13, 835, 1578.15, 0, '2019-11-04 12:46:56'),
(495, 8, '9780201072112', 'PILETA PATIO 15X15', 'vistas/img/productos/default/anonymous.png', 8, 233, 440.37, 0, '2019-11-04 12:52:44'),
(496, 8, '9780201071382', 'CUPLA LISA 110', 'vistas/img/productos/default/anonymous.png', 4, 65, 122.85, 0, '2019-11-04 12:55:24'),
(497, 8, '9780201321135', 'CUPLA PVC 110 JE', 'vistas/img/productos/default/anonymous.png', 4, 71, 134.19, 0, '2019-11-04 12:57:12'),
(498, 8, '9780201071368', 'CUPLA PVC 63 ', 'vistas/img/productos/default/anonymous.png', 11, 32, 60.48, 0, '2019-11-04 12:58:54'),
(499, 8, '9780201071351', 'CUPLA PVC 50 ', 'vistas/img/productos/default/anonymous.png', 6, 23, 43.47, 0, '2019-11-04 12:59:44'),
(500, 8, '9780201071467', 'CUPLA RED PVC 63X50', 'vistas/img/productos/default/anonymous.png', 8, 27, 51.03, 0, '2019-11-04 13:02:00'),
(501, 8, '9780201071450', 'CUPLA RED PVC 50 X 40', 'vistas/img/productos/default/anonymous.png', 8, 20, 37.8, 0, '2019-11-04 13:03:27'),
(502, 8, '9780201071443', 'CUPLA RED PVC 63 X 40', 'vistas/img/productos/default/anonymous.png', 5, 32, 60.48, 0, '2019-11-04 13:10:51'),
(503, 8, '9780201071528', 'CUPLA RED EXCEN 63 X 50', 'vistas/img/productos/default/anonymous.png', 4, 26.8, 50.652, 0, '2019-11-04 13:12:20'),
(504, 8, '9780201051506', 'CUPLA RED 110 X 100', 'vistas/img/productos/default/anonymous.png', 5, 39, 73.71, 0, '2019-11-04 13:13:44'),
(505, 8, '9780201071481', 'CUPLA RED 110 X 63 ', 'vistas/img/productos/default/anonymous.png', 6, 65, 122.85, 0, '2019-11-04 13:28:47'),
(506, 8, '9780201039863', 'CONEXION 50 X 112', 'vistas/img/productos/default/anonymous.png', 4, 56, 105.84, 0, '2019-11-04 13:56:39'),
(507, 8, '9780201073157', 'CURVA CORTA 50 X 90', 'vistas/img/productos/default/anonymous.png', 23, 34.5, 65.205, 0, '2019-11-04 15:03:45'),
(508, 8, '9780201073140', 'CURVA CORTA 40 X 90 ', 'vistas/img/productos/default/anonymous.png', 70, 22, 41.58, 0, '2019-11-04 15:13:01'),
(509, 8, '9780201073164', 'CURVA CORTA 63 X 90 ', 'vistas/img/productos/default/anonymous.png', 18, 48, 90.72, 0, '2019-11-04 15:14:05'),
(510, 8, '9780201071245', 'CURVA CORTA 40 X 45', 'vistas/img/productos/default/anonymous.png', 65, 22, 41.58, 0, '2019-11-04 15:15:44'),
(511, 8, '9780201071252', 'CURVA CORTA 50 X 45', 'vistas/img/productos/default/anonymous.png', 20, 31, 58.59, 0, '2019-11-04 15:16:45'),
(512, 8, '9780201071269', 'CURVA CORTA 63 X 45', 'vistas/img/productos/default/anonymous.png', 21, 52, 98.28, 0, '2019-11-04 15:17:55'),
(513, 8, '9780201071948', 'RAMAL Y 40', 'vistas/img/productos/default/anonymous.png', 6, 45, 85.05, 0, '2019-11-04 15:18:47'),
(514, 8, '9780201071955', 'RAMAL Y 50 ', 'vistas/img/productos/default/anonymous.png', 7, 65, 122.85, 0, '2019-11-04 15:19:23'),
(515, 8, '9780201071962', 'RAMAL Y 63', 'vistas/img/productos/default/anonymous.png', 18, 80, 151.2, 0, '2019-11-04 15:20:34'),
(516, 8, '9780201070811', 'CAMARA DESENGRASADERO ', 'vistas/img/productos/default/anonymous.png', 2, 1035, 1956.15, 0, '2019-11-04 15:21:55'),
(517, 8, '9780201063028', 'DEPOSITO TRAD IDEAL ', 'vistas/img/productos/default/anonymous.png', 3, 769, 1153.5, 0, '2019-12-13 12:08:41'),
(518, 8, '9780201071283', 'curva pvc 110 x 45', 'vistas/img/productos/default/anonymous.png', 4, 150, 283.5, 0, '2019-11-04 18:39:46'),
(519, 8, '9780201071986', 'ramal y  110 x 45', 'vistas/img/productos/default/anonymous.png', 2, 183, 345.87, 0, '2019-11-04 18:40:43'),
(520, 8, '9780201071979', 'ramal  110 x 63 x 45', 'vistas/img/productos/default/anonymous.png', 8, 128, 241.92, 0, '2019-11-04 18:42:41'),
(521, 8, '9780201071887', 'ramal te 110 ', 'vistas/img/productos/default/anonymous.png', 8, 150, 283.5, 0, '2019-11-04 18:44:19'),
(522, 8, '9780201072181', 'RECEPTACULO DE DUCHA ', 'vistas/img/productos/default/anonymous.png', 4, 88, 166.32, 0, '2019-11-04 18:46:47'),
(523, 8, '9780201071740', 'TAPA PVC 40', 'vistas/img/productos/default/anonymous.png', 14, 14, 26.46, 0, '2019-11-04 18:48:38'),
(524, 8, '9780201071757', 'TAPA PVC 50 ', 'vistas/img/productos/default/anonymous.png', 7, 17, 32.13, 0, '2019-11-04 19:36:12'),
(525, 8, '9780201071764', 'TAPA PVC 63', 'vistas/img/productos/default/anonymous.png', 3, 20, 37.8, 0, '2019-11-04 19:35:38'),
(526, 8, '9780201071788', 'TAPA PVC 110', 'vistas/img/productos/default/anonymous.png', 7, 25, 47.25, 0, '2019-11-04 18:50:57'),
(527, 8, '9780201071863', 'RAMAL TE 63', 'vistas/img/productos/default/anonymous.png', 8, 65, 122.85, 0, '2019-11-04 18:52:34'),
(528, 8, '9780201071856', 'RAMAL TE 50 ', 'vistas/img/productos/default/anonymous.png', 18, 56, 105.84, 0, '2019-11-04 18:55:36'),
(529, 8, '9780201071849', 'RAMAL TE 40', 'vistas/img/productos/default/anonymous.png', 8, 40, 75.6, 0, '2019-11-04 18:56:12'),
(530, 8, '9780201072105', 'PILETA PATIO 10 X 10 ', 'vistas/img/productos/default/anonymous.png', 9, 218, 412.02, 0, '2019-11-04 18:59:01'),
(531, 8, '9780201071870', 'RAMAL TE 110 X 63 X 90 ', 'vistas/img/productos/default/anonymous.png', 6, 103, 194.67, 0, '2019-11-04 19:00:35'),
(532, 8, '9780201072402', 'PILETON INYECTADO 160', 'vistas/img/productos/default/anonymous.png', 2, 685, 1294.65, 0, '2019-11-04 19:07:51'),
(533, 8, '9780201072327', 'BAJADA S PVC 40', 'vistas/img/productos/default/anonymous.png', 2, 153, 289.17, 0, '2019-11-04 19:09:08'),
(534, 8, '9780201072303', 'BAJADA L PVC 40', 'vistas/img/productos/default/anonymous.png', 1, 153, 289.17, 0, '2019-11-04 19:09:34'),
(535, 8, '9780201081565', 'FLEXIBLE TMG 50 CM', 'vistas/img/productos/default/anonymous.png', 7, 158, 298.62, 0, '2019-11-04 19:11:34'),
(536, 8, '9780201081541', 'FLEXIBLE TMG 35 CM ', 'vistas/img/productos/default/anonymous.png', 11, 143, 270.27, 0, '2019-11-04 19:12:40'),
(537, 8, '9780201081534', 'FLEXIBLE TMG 30 CM ', 'vistas/img/productos/default/anonymous.png', 20, 139, 262.71, 0, '2019-11-04 19:13:59'),
(538, 8, '9780201081558', 'FLEXIBLE TMG 40 CM ', 'vistas/img/productos/default/anonymous.png', 21, 149, 281.61, 0, '2019-11-04 19:15:21'),
(539, 8, '9780201081527', 'FLEXIBLE TMG 25 CM ', 'vistas/img/productos/default/anonymous.png', 3, 134, 253.26, 0, '2019-11-04 19:16:01'),
(541, 8, '9780201031393', 'MANIJA ANDINA PVC ', 'vistas/img/productos/default/anonymous.png', 14, 62, 117.18, 1, '2019-11-05 14:24:55'),
(542, 9, '9780201031416', 'MANIJA ANDINA BCE METAL ', 'vistas/img/productos/default/anonymous.png', 5, 420, 672, 0, '2019-12-13 19:13:53'),
(543, 8, '9780201031393', 'MANIJA ANDINA PVC CROMO ', 'vistas/img/productos/default/anonymous.png', 20, 95, 179.55, 0, '2019-11-04 19:42:55'),
(544, 8, '9780201062014', 'VALVULA ESFERICA  DUKE MEDIA', 'vistas/img/productos/default/anonymous.png', 12, 82, 154.98, 0, '2019-11-04 19:50:32'),
(545, 8, '9780201060065', 'sopapa duke 50 mm', 'vistas/img/productos/default/anonymous.png', 30, 115, 217.35, 0, '2019-11-05 13:45:15'),
(546, 10, '9780201702699', 'ALFOMBRA WELCOME ', 'vistas/img/productos/default/anonymous.png', 4, 359, 678.51, 0, '2019-11-05 13:46:35'),
(547, 10, '9780201719888', 'ALFOMBRA BIENVENIDO', 'vistas/img/productos/default/anonymous.png', 1, 359, 678.51, 0, '2019-11-05 13:47:37'),
(548, 8, '9780201553215', 'ALFOMBRA RULITOS ', 'vistas/img/productos/default/anonymous.png', 1, 105, 198.45, 0, '2019-11-05 14:04:40'),
(549, 10, '9780201550702', 'BOLSA RECICLABLE ', 'vistas/img/productos/default/anonymous.png', 12, 16, 30.24, 0, '2019-11-05 14:05:33'),
(550, 10, '9780201214505', 'REPASADOR', 'vistas/img/productos/default/anonymous.png', 22, 60, 113.4, 0, '2019-11-05 14:06:09'),
(551, 10, '9780201965063', 'PAÑO DE MICRIFIBRA ', 'vistas/img/productos/default/anonymous.png', 7, 139, 262.71, 0, '2019-11-05 14:06:48'),
(552, 10, '9780201161076', 'GUANTE PATITO', 'vistas/img/productos/default/anonymous.png', 1, 48, 90.72, 0, '2019-11-05 14:07:36'),
(553, 10, '9780201101577', 'PARAGUAS', 'vistas/img/productos/default/anonymous.png', 6, 139, 262.71, 0, '2019-11-05 14:12:49'),
(554, 10, '9780201693805', 'BOLSA PARA HORNO', 'vistas/img/productos/default/anonymous.png', 6, 64, 120.96, 0, '2019-11-05 14:14:17'),
(555, 10, '9780201193541', 'CUBRE MANTEL', 'vistas/img/productos/default/anonymous.png', 6, 48, 90.72, 0, '2019-11-05 14:18:06'),
(556, 10, '9780201570472', 'MANTEL 125 X 195', 'vistas/img/productos/default/anonymous.png', 4, 472, 892.08, 0, '2019-11-05 14:19:57'),
(557, 10, '9780201570113', 'MANTEL CUERO', 'vistas/img/productos/default/anonymous.png', 4, 963, 1820.07, 0, '2019-11-05 14:20:32'),
(558, 10, '9780201332100', 'CEPILLO VAJILLA', 'vistas/img/productos/default/anonymous.png', 2, 59, 111.51, 0, '2019-11-05 14:21:03'),
(560, 10, '9780201419726', 'PERCHA METAL', 'vistas/img/productos/default/anonymous.png', 8, 159, 300.51, 0, '2019-11-05 14:22:57'),
(561, 10, '9780201065169', 'PERCHA DE MADERA ', 'vistas/img/productos/default/anonymous.png', 6, 49, 92.61, 0, '2019-11-05 14:23:44'),
(562, 10, '9780201503616', 'GAMUZA 43 X 32', 'vistas/img/productos/default/anonymous.png', 9, 20, 37.8, 0, '2019-11-05 14:25:31'),
(563, 10, '9780201685657', 'PAÑO SINTETICO', 'vistas/img/productos/default/anonymous.png', 2, 56, 105.84, 0, '2019-11-05 14:29:42'),
(564, 10, '9780201026351', 'FILTRO PARA PURIFICADOR ', 'vistas/img/productos/default/anonymous.png', 9, 20, 37.8, 0, '2019-11-05 14:41:55'),
(565, 10, '9780201378474', 'TENDER PLEGABLE ', 'vistas/img/productos/default/anonymous.png', 1, 154, 291.06, 0, '2019-11-05 14:44:30'),
(566, 10, '9780201119619', 'ESCOBILLA CHICA ', 'vistas/img/productos/default/anonymous.png', 2, 114, 215.46, 0, '2019-11-05 14:45:00'),
(567, 10, '9780201038897', 'PASA CERA ', 'vistas/img/productos/default/anonymous.png', 10, 59, 111.51, 0, '2019-11-05 14:45:42'),
(568, 10, '9780201067675', 'LAMPASO BARREDOR', 'vistas/img/productos/default/anonymous.png', 2, 271, 512.19, 0, '2019-11-05 14:46:50'),
(569, 10, '9780201976908', 'MACETERO', 'vistas/img/productos/default/anonymous.png', 3, 135, 255.15, 0, '2019-11-05 14:47:33'),
(570, 10, '9780201814491', 'MACETERO CONICO ', 'vistas/img/productos/default/anonymous.png', 1, 225, 425.25, 0, '2019-11-05 14:48:09'),
(571, 10, '9780201113907', 'MACETA N 20 ', 'vistas/img/productos/default/anonymous.png', 2, 38, 71.82, 0, '2019-11-05 14:51:51'),
(572, 10, '9780201113952', 'MACETA N 18', 'vistas/img/productos/default/anonymous.png', 12, 35, 66.15, 0, '2019-11-05 14:52:30'),
(573, 10, '9780201790276', 'TACHO ACERO COLORES ', 'vistas/img/productos/default/anonymous.png', 4, 429, 810.81, 0, '2019-11-05 14:53:10'),
(574, 10, '9780201713619', 'MACETA FLOWERS OVAL ', 'vistas/img/productos/default/anonymous.png', 1, 154, 291.06, 0, '2019-11-05 14:53:47'),
(575, 10, '9780201002461', 'EXPRIMIDOR PLAST', 'vistas/img/productos/default/anonymous.png', 2, 60, 113.4, 0, '2019-11-05 15:01:26'),
(576, 10, '9780201815498', 'MACETERO 30 CM ', 'vistas/img/productos/default/anonymous.png', 1, 435, 652.5, 0, '2019-12-20 15:05:04'),
(577, 10, '9780201524369', 'MISTER TRAPO', 'vistas/img/productos/default/anonymous.png', 5, 40, 75.6, 0, '2019-11-05 15:02:38'),
(578, 10, '9780201021097', 'COLADOR PLAST', 'vistas/img/productos/default/anonymous.png', 5, 52, 98.28, 0, '2019-11-05 15:03:32'),
(579, 10, '9780201503616', 'GAMUZA 43 X 32', 'vistas/img/productos/default/anonymous.png', 10, 21, 39.69, 0, '2019-11-05 15:04:22'),
(580, 10, '9780201620047', 'CEPILLO CON MANGO ', 'vistas/img/productos/default/anonymous.png', 6, 36, 68.04, 0, '2019-11-05 15:04:56'),
(581, 10, '9780201670127', 'BOLSA 50 X 70', 'vistas/img/productos/default/anonymous.png', 6, 20.17, 38.1213, 0, '2019-11-05 15:05:33'),
(582, 10, '9780201790696', 'PAÑO MULTIUSO', 'vistas/img/productos/default/anonymous.png', 2, 59, 111.51, 0, '2019-11-05 15:06:39'),
(583, 10, '9780201815511', 'MACETA OVAL BLANCA ', 'vistas/img/productos/default/anonymous.png', 2, 267, 504.63, 0, '2019-11-05 15:07:14'),
(584, 10, '9780201713602', 'MACETERO FLOWER', 'vistas/img/productos/default/anonymous.png', 2, 170, 321.3, 0, '2019-11-05 15:07:49'),
(585, 10, '9780201168747', 'BOWL CALIPSO', 'vistas/img/productos/default/anonymous.png', 1, 74, 139.86, 0, '2019-11-05 15:09:52'),
(586, 10, '9780201168747', 'BOWL CALIPSO', 'vistas/img/productos/default/anonymous.png', 1, 74, 139.86, 0, '2019-11-05 15:11:59'),
(587, 10, '9780201531756', 'SET BALDE VILEDA', 'vistas/img/productos/default/anonymous.png', 1, 2124, 4014.36, 0, '2019-11-05 15:12:46'),
(588, 10, '9780201041842', 'BOLSA 80 X 100', 'vistas/img/productos/default/anonymous.png', 3, 59.36, 112.19, 0, '2019-11-05 15:16:24'),
(589, 10, '9780201917024', ' PALA PVC ', 'vistas/img/productos/default/anonymous.png', 9, 63, 119.07, 0, '2019-11-05 15:17:47'),
(590, 10, '9780201042924', 'BOLSA 60 X 90 ', 'vistas/img/productos/default/anonymous.png', 8, 28, 52.92, 0, '2019-11-05 15:18:29'),
(591, 10, '9780201814576', 'MAGIC MOP C RUEDA', 'vistas/img/productos/default/anonymous.png', 1, 1540, 2910.6, 0, '2019-11-05 15:19:02'),
(592, 10, '9780201079395', 'BALDE 10 LTRS ', 'vistas/img/productos/default/anonymous.png', 2, 79, 149.31, 0, '2019-11-05 15:19:40'),
(593, 10, '9780201661064', 'BALDE 9 LTRS C ESCURRIDOR ', 'vistas/img/productos/default/anonymous.png', 4, 161, 304.29, 0, '2019-11-05 15:20:16'),
(594, 10, '9780201123555', 'TACHO FLORIDA', 'vistas/img/productos/default/anonymous.png', 1, 283, 534.87, 0, '2019-11-05 15:20:47'),
(595, 10, '9780201976809', 'MACETA COLOR 16 C', 'vistas/img/productos/default/anonymous.png', 2, 111, 209.79, 0, '2019-11-05 15:21:21'),
(596, 10, '9780201113914', 'MACETA N 22', 'vistas/img/productos/default/anonymous.png', 4, 60, 113.4, 0, '2019-11-05 15:21:50'),
(597, 10, '9780201113563', 'MASETA N 25', 'vistas/img/productos/default/anonymous.png', 4, 129, 243.81, 0, '2019-11-05 15:22:16'),
(598, 10, '9780201113938', 'MACETA N 30 ', 'vistas/img/productos/default/anonymous.png', 2, 221, 417.69, 0, '2019-11-05 15:22:41'),
(599, 10, '9780201760026', 'TERMO ACERO LUMILAGRO ', 'vistas/img/productos/default/anonymous.png', 2, 1400, 2646, 0, '2019-11-05 15:23:20'),
(600, 10, '9780201868616', 'VERTEDOR DOBLE ', 'vistas/img/productos/default/anonymous.png', 1, 72, 136.08, 0, '2019-11-05 15:23:53'),
(601, 10, '9780201069136', 'CENTRIFUGADOR ', 'vistas/img/productos/default/anonymous.png', 5, 200, 378, 0, '2019-11-05 15:24:23'),
(602, 10, '9780201810448', 'PORTA ROLLO MADERA ', 'vistas/img/productos/default/anonymous.png', 2, 299, 565.11, 0, '2019-11-05 15:25:00'),
(603, 10, '9780201331004', 'TACHO PEDAL ROJO ', 'vistas/img/productos/default/anonymous.png', 1, 390, 737.1, 0, '2019-11-05 15:25:29'),
(604, 10, '9780201815320', 'MANOPLA SILICONADA', 'vistas/img/productos/default/anonymous.png', 2, 338, 638.82, 0, '2019-11-05 15:26:00'),
(605, 10, '9780201123470', 'FUENTON 18 LTRS ', 'vistas/img/productos/default/anonymous.png', 2, 95, 179.55, 0, '2019-11-05 15:27:45'),
(606, 10, '9780201771381', 'PAPEL ALUMINIO ', 'vistas/img/productos/default/anonymous.png', 5, 37, 69.93, 0, '2019-11-05 15:29:27'),
(607, 10, '9780201771763', 'BOLSA PARA FREEZER', 'vistas/img/productos/default/anonymous.png', 4, 26, 49.14, 0, '2019-11-05 15:30:22'),
(608, 10, '97802015036162', 'REPUESTO TERMO ', 'vistas/img/productos/default/anonymous.png', 3, 182, 343.98, 0, '2019-11-05 15:31:58'),
(609, 10, '9780201703757', 'ORGANIZADOR 11 LTRS  39 27 22 ', 'vistas/img/productos/default/anonymous.png', 1, 301, 568.89, 0, '2019-11-05 15:33:58'),
(610, 10, '9780201661033', 'BALDE C ESCURRIDOR ', 'vistas/img/productos/default/anonymous.png', 1, 239, 451.71, 0, '2019-11-05 15:34:34'),
(611, 10, '9780201800852', 'BOTIQUIN ', 'vistas/img/productos/default/anonymous.png', 1, 102, 192.78, 0, '2019-11-05 15:35:07'),
(612, 10, '9780201067729', 'CUBETERAS', 'vistas/img/productos/default/anonymous.png', 6, 132.15, 198.225, 0, '2019-12-05 15:24:47'),
(613, 10, '9780201548723', 'ESCURRIDOR C BASE SECAPLATO', 'vistas/img/productos/default/anonymous.png', 1, 498, 941.22, 0, '2019-11-05 15:36:30'),
(614, 10, '9780201067729', 'CUBETERAS', 'vistas/img/productos/default/anonymous.png', 6, 132.15, 198.225, 0, '2019-12-05 15:24:47'),
(615, 10, '9780201021400', 'PORTA CUBIERTOS ', 'vistas/img/productos/default/anonymous.png', 4, 66, 124.74, 0, '2019-11-05 15:37:55'),
(616, 10, '9780201053067', 'CEPILLO ', 'vistas/img/productos/default/anonymous.png', 4, 34, 64.26, 0, '2019-11-05 15:38:44'),
(617, 10, '9780201035902', 'ESCOBILLA LAVA AUTO ', 'vistas/img/productos/default/anonymous.png', 22, 122, 230.58, 0, '2019-11-05 15:39:30'),
(618, 10, '9780201134117', 'CEPILLO LAVA AUTO ', 'vistas/img/productos/default/anonymous.png', 3, 76, 143.64, 0, '2019-11-05 15:40:24'),
(619, 10, '9780201215847', 'REJILLA ECONOMICA ', 'vistas/img/productos/default/anonymous.png', 2, 8.66, 16.3674, 0, '2019-11-05 15:41:37'),
(620, 10, '9780201270198', 'ALFOMBRA ANTIDESLIZANTE ', 'vistas/img/productos/default/anonymous.png', 1, 115, 217.35, 0, '2019-11-05 15:42:13'),
(621, 10, '9780201193503', 'BOLSA DE AGUA CALIENTE ', 'vistas/img/productos/default/anonymous.png', 1, 131, 247.59, 0, '2019-11-05 15:42:42'),
(622, 10, '9780201301915', 'GUANTE DE LATEX ', 'vistas/img/productos/default/anonymous.png', 2, 36, 68.04, 0, '2019-11-05 15:43:37'),
(623, 10, '9780201971736', 'FUNDA LAVARROPAS ', 'vistas/img/productos/default/anonymous.png', 3, 164, 309.96, 0, '2019-11-05 15:44:10'),
(624, 10, '9780201771077', 'rollo film adherente', 'vistas/img/productos/default/anonymous.png', 1, 309, 584.01, 0, '2019-11-05 21:32:55'),
(625, 10, '9780201052329', 'bandeja plastica blanca', 'vistas/img/productos/default/anonymous.png', 8, 94.61, 178.813, 0, '2019-11-05 21:33:31'),
(626, 10, '9780201411454', 'chapa chica gasolineria', 'vistas/img/productos/default/anonymous.png', 1, 549.76, 1039.05, 0, '2019-11-05 21:34:14'),
(627, 10, '9780201573213', 'reloj paris union hotel', 'vistas/img/productos/default/anonymous.png', 1, 1154, 2181.06, 0, '2019-11-05 21:34:48'),
(628, 10, '9780201811551', 'reloj london', 'vistas/img/productos/default/anonymous.png', 1, 2647, 5002.83, 0, '2019-11-05 21:35:19'),
(629, 10, '9780201582130', 'reloj numeros romanos', 'vistas/img/productos/default/anonymous.png', 1, 1049, 1982.61, 0, '2019-11-05 21:35:50'),
(630, 10, '9780201572612', 'reloj hotel du paris', 'vistas/img/productos/default/anonymous.png', 1, 1016, 1920.24, 0, '2019-11-05 21:36:19'),
(631, 10, '9780201541694', 'reloj oval mundo ant', 'vistas/img/productos/default/anonymous.png', 1, 395, 746.55, 0, '2019-11-05 21:36:47'),
(632, 10, '9780201938753', 'chapa chica beer', 'vistas/img/productos/default/anonymous.png', 1, 825, 1559.25, 0, '2019-11-05 21:37:20'),
(633, 10, '9780201783018', 'chapa beer 30x40', 'vistas/img/productos/default/anonymous.png', 2, 279, 527.31, 0, '2019-11-05 21:38:26'),
(634, 10, '9780201812336', 'cuadro con cuadritos surtidos', 'vistas/img/productos/default/anonymous.png', 1, 528, 997.92, 0, '2019-11-05 21:51:50'),
(635, 10, '9780201404401', 'reloj pared varios', 'vistas/img/productos/default/anonymous.png', 2, 311, 587.79, 0, '2019-11-05 21:56:21'),
(636, 10, '9780201921895', 'chapa welcome', 'vistas/img/productos/default/anonymous.png', 1, 427, 807.03, 0, '2019-11-05 21:57:43'),
(637, 10, '9780201971804', 'delantal cocina varios', 'vistas/img/productos/default/anonymous.png', 2, 290, 548.1, 0, '2019-11-05 21:58:09'),
(638, 10, '9780201910889', 'reloj pared verde', 'vistas/img/productos/default/anonymous.png', 1, 207, 391.23, 0, '2019-11-05 21:58:38'),
(639, 10, '9780201959901', 'set saca corcho', 'vistas/img/productos/default/anonymous.png', 4, 209, 395.01, 0, '2019-11-05 22:09:21'),
(640, 10, '9780201812152', 'cuadritos indivudual con broches', 'vistas/img/productos/default/anonymous.png', 4, 79, 149.31, 0, '2019-11-05 22:10:03'),
(641, 10, '9780201541229', 'reloj con tractor', 'vistas/img/productos/default/anonymous.png', 1, 503, 950.67, 0, '2019-11-05 22:10:28'),
(642, 10, '9780201607284', 'caja te tea', 'vistas/img/productos/default/anonymous.png', 2, 309.5, 584.955, 0, '2019-11-05 22:11:19'),
(643, 10, '9780201821567', 'dispenser jabon liquido cilindro', 'vistas/img/productos/default/anonymous.png', 2, 235, 444.15, 0, '2019-11-05 22:12:21'),
(644, 10, '9780201821543', 'dispenser jabon liq craquelado', 'vistas/img/productos/default/anonymous.png', 2, 128, 241.92, 0, '2019-11-05 22:13:11'),
(645, 10, '9780201823554', 'dispenser jabon liquido ratan', 'vistas/img/productos/default/anonymous.png', 2, 152, 287.28, 0, '2019-11-05 22:15:59'),
(646, 10, '9780201823332', 'dispenser jabon liquido conico', 'vistas/img/productos/default/anonymous.png', 2, 220, 415.8, 0, '2019-11-05 22:16:38'),
(647, 10, '9780201821253', 'canasto rectangular chico', 'vistas/img/productos/default/anonymous.png', 4, 73, 137.97, 0, '2019-11-05 22:17:25'),
(648, 10, '9780201820973', 'contenedor redondo', 'vistas/img/productos/default/anonymous.png', 4, 119, 224.91, 0, '2019-11-05 22:27:45'),
(649, 10, '9780201820577', 'contendor con tapa ratan', 'vistas/img/productos/default/anonymous.png', 2, 196, 370.44, -2, '2019-12-19 18:43:08'),
(650, 10, '9780201810554', 'macetero paris desgastado', 'vistas/img/productos/default/anonymous.png', 3, 300, 450, 0, '2019-12-20 15:03:43'),
(651, 10, '9780201272604', 'baldecito chapa estampado', 'vistas/img/productos/default/anonymous.png', 5, 63, 119.07, 0, '2019-11-05 22:31:57'),
(652, 10, '9780201712254', 'baldecito boy girls', 'vistas/img/productos/default/anonymous.png', 6, 64, 120.96, 0, '2019-11-05 22:32:28'),
(653, 10, '9780201712308', 'baldecitos 12c color', 'vistas/img/productos/default/anonymous.png', 3, 92, 173.88, 0, '2019-11-05 22:33:20'),
(654, 10, '9780201815030', 'maceta ceramica cactus', 'vistas/img/productos/default/anonymous.png', 4, 236, 446.04, 0, '2019-11-05 22:33:47'),
(655, 10, '9780201992717', 'alcancia lata', 'vistas/img/productos/default/anonymous.png', 1, 133, 251.37, 0, '2019-11-05 22:34:23'),
(656, 10, '9780201917703', 'reloj cadena hombre', 'vistas/img/productos/default/anonymous.png', 1, 360, 680.4, 0, '2019-11-05 22:34:52'),
(657, 10, '9780201819328', 'buho luz noche', 'vistas/img/productos/default/anonymous.png', 2, 272, 514.08, 0, '2019-11-05 22:35:23'),
(658, 10, '9780201810820', 'luz noche anana', 'vistas/img/productos/default/anonymous.png', 2, 180, 340.2, 0, '2019-11-05 22:35:49'),
(659, 10, '9780201817034', 'perchero home hello', 'vistas/img/productos/default/anonymous.png', 3, 327.2, 618.408, 0, '2019-11-05 22:37:19'),
(660, 10, '9780201976304', 'papelera chapa estampada', 'vistas/img/productos/default/anonymous.png', 3, 210, 396.9, 0, '2019-11-05 22:37:47'),
(661, 10, '9780201482324', 'hieleras para botellas estampadas', 'vistas/img/productos/default/anonymous.png', 3, 293, 553.77, 0, '2019-11-05 22:38:20'),
(662, 10, '9780201811452', 'jarra hojalata florero', 'vistas/img/productos/default/anonymous.png', 1, 263, 497.07, 0, '2019-11-05 22:38:54'),
(663, 10, '9780201820706', 'cesto grande simil ratan', 'vistas/img/productos/default/anonymous.png', 2, 323.46, 611.339, 0, '2019-11-05 22:39:22'),
(664, 10, '9780201865219', 'papelera alambre', 'vistas/img/productos/default/anonymous.png', 1, 163, 308.07, 0, '2019-11-05 22:39:52'),
(665, 10, '9780201814996', 'paño absorvente platos', 'vistas/img/productos/default/anonymous.png', 5, 149, 281.61, 0, '2019-11-05 22:43:19'),
(666, 10, '9780201508208', 'burlete arena', 'vistas/img/productos/default/anonymous.png', 5, 40, 75.6, 0, '2019-11-05 22:52:45'),
(667, 10, '9780201982060', 'alfombra baño shaggy soft', 'vistas/img/productos/default/anonymous.png', 3, 203, 383.67, 0, '2019-11-05 22:54:42'),
(668, 10, '9780201773842', 'alfombra madagascar 40x60', 'vistas/img/productos/default/anonymous.png', 2, 218, 412.02, 0, '2019-11-05 22:55:16'),
(669, 10, '9780201211535', 'alfombra baño shaggy 40x60', 'vistas/img/productos/default/anonymous.png', 4, 243.1, 459.459, 0, '2019-11-05 22:55:49'),
(670, 10, '9780201202045', 'sillon director descanzar', 'vistas/img/productos/default/anonymous.png', 1, 643, 1215.27, 0, '2019-11-05 22:56:16'),
(671, 10, '9780201271409', 'maceta con gancho colgar', 'vistas/img/productos/default/anonymous.png', 4, 115.5, 218.295, 0, '2019-11-05 22:56:54'),
(672, 10, '9780201818284', 'bolsa dormir ', 'vistas/img/productos/default/anonymous.png', 1, 789, 1491.21, 0, '2019-11-05 22:59:01'),
(673, 10, '9780201238082', 'alfombra baño caracol', 'vistas/img/productos/default/anonymous.png', 1, 162, 306.18, 0, '2019-11-05 22:59:33'),
(674, 10, '9780201686869', 'vaso spa pack x 6', 'vistas/img/productos/default/anonymous.png', 3, 335.73, 503.595, 0, '2019-12-13 18:20:40'),
(675, 10, '9780201394375', 'baso bermudas 290ml ', 'vistas/img/productos/default/anonymous.png', 34, 28.68, 54.2052, 0, '2019-11-05 23:02:28'),
(676, 10, '9780201894523', 'vaso seelze pack x 6', 'vistas/img/productos/default/anonymous.png', 4, 218, 412.02, 0, '2019-11-06 12:17:30'),
(677, 10, '9780201529425', 'reloj despertador campanilla', 'vistas/img/productos/default/anonymous.png', 2, 288, 544.32, 0, '2019-11-06 12:27:54'),
(678, 10, '9780201814422', 'reloj despetador camp cobre', 'vistas/img/productos/default/anonymous.png', 2, 341, 644.49, 0, '2019-11-06 12:30:36'),
(679, 10, '9780201922462', 'porta retrato', 'vistas/img/productos/default/anonymous.png', 1, 170, 321.3, 0, '2019-11-06 12:35:36'),
(680, 10, '9780201713275', 'set organizador de belleza', 'vistas/img/productos/default/anonymous.png', 2, 195, 368.55, 0, '2019-11-06 12:39:34'),
(681, 10, '9780201274226', 'macetero bicicleta', 'vistas/img/productos/default/anonymous.png', 3, 191, 360.99, 0, '2019-11-06 12:41:52'),
(682, 10, '9780201912593', 'maceta flower garden', 'vistas/img/productos/default/anonymous.png', 6, 205, 387.45, 0, '2019-11-06 12:50:26'),
(683, 10, '9780201976809', 'maceta chica', 'vistas/img/productos/default/anonymous.png', 3, 112, 211.68, 0, '2019-11-06 12:54:45'),
(684, 11, '9780201130256', 'verona mod toma cod 20067', 'vistas/img/productos/default/anonymous.png', 200, 20.15, 38.0835, 0, '2019-11-06 13:45:30'),
(685, 11, '9780201132007', 'verona mod tapon cod 20092', 'vistas/img/productos/default/anonymous.png', 600, 2.53, 4.7817, 0, '2019-11-06 14:00:41'),
(686, 11, '9780201134902', 'verona tapa bastidor 5x5 cod 300992', 'vistas/img/productos/default/anonymous.png', 80, 11.2, 21.168, 0, '2019-11-06 14:03:38'),
(687, 8, '9780201820430', 'gancho para cortina pera', 'vistas/img/productos/default/anonymous.png', 3, 40, 75.6, 0, '2019-11-06 21:25:34'),
(688, 8, '9780201850024', 'gancho para cortina metalizado', 'vistas/img/productos/default/anonymous.png', 1, 135, 255.15, 0, '2019-11-06 21:26:10'),
(689, 8, '9780201850017', 'gancho para cortina economico', 'vistas/img/productos/default/anonymous.png', 3, 40, 75.6, 0, '2019-11-06 21:26:50'),
(690, 11, '9780201530438', 'zocalo porcelana gu10', 'vistas/img/productos/default/anonymous.png', 30, 18, 34.02, 0, '2019-11-06 22:47:24'),
(691, 11, '9780201060058', 'tapa ciega octogonal chapa', 'vistas/img/productos/default/anonymous.png', 50, 6.45, 12.1905, 0, '2019-11-06 22:53:11'),
(692, 11, '9780200280204', 'tapa ciega octgonal pvc', 'vistas/img/productos/default/anonymous.png', 50, 6.25, 11.8125, 0, '2019-11-06 22:53:51'),
(693, 11, '9780201111026', 'caja derivacion 115x115x65', 'vistas/img/productos/default/anonymous.png', 10, 128, 241.92, 0, '2019-11-06 22:54:52'),
(694, 11, '9780201111057', 'caja derivacion 115x165x65', 'vistas/img/productos/default/anonymous.png', 4, 142.3, 268.947, 0, '2019-11-06 22:55:26'),
(695, 11, '9780201111088', 'caja derivacion 165x165x65', 'vistas/img/productos/default/anonymous.png', 4, 181, 342.09, 0, '2019-11-06 22:55:57'),
(696, 11, '9780201111118', 'caja derivacion 165x210x65', 'vistas/img/productos/default/anonymous.png', 4, 203.4, 384.426, 0, '2019-11-06 22:56:27'),
(697, 11, '9780201111149', 'caja derivacion 210x210x110', 'vistas/img/productos/default/anonymous.png', 2, 302.6, 571.914, 0, '2019-11-06 22:57:08'),
(698, 11, '9780201111200', 'caja derivacion 310x310x110', 'vistas/img/productos/default/anonymous.png', 2, 669.16, 1264.71, 0, '2019-11-06 22:57:45'),
(699, 11, '9780201111156', 'caja derivacion 210x210x135', 'vistas/img/productos/default/anonymous.png', 1, 316, 597.24, 0, '2019-11-06 23:01:31'),
(700, 11, '9780211111009', 'caja derivacion 90x90x55', 'vistas/img/productos/default/anonymous.png', 10, 88.35, 166.982, 0, '2019-11-06 23:02:55'),
(704, 11, '9780201530025', 'caja octogonal chica ', 'vistas/img/productos/default/anonymous.png', 120, 14.61, 27.759, 0, '2019-12-21 12:56:37'),
(706, 11, '9780201531114', 'tubileno 3 4 x 25 mtrs ', 'vistas/img/productos/default/anonymous.png', 20, 261.25, 496.375, 0, '2019-12-21 13:01:50'),
(708, 11, '9780201430523', 'LISTON LED 30 W ', 'vistas/img/productos/default/anonymous.png', 10, 802, 1515.78, 0, '2019-11-07 14:10:55'),
(709, 11, '9780201430509', 'LISTON DE LED 17 W', 'vistas/img/productos/default/anonymous.png', 6, 528, 997.92, 0, '2019-11-07 14:31:39'),
(710, 11, '9780201619119', 'TUBO LED 18 W ', 'vistas/img/productos/default/anonymous.png', 25, 108, 204.12, 0, '2019-11-07 14:33:24'),
(711, 11, '9780210301296', 'TUBO DE LED 36 W ', 'vistas/img/productos/default/anonymous.png', 50, 59, 111.51, 0, '2019-11-07 14:34:23'),
(712, 11, '9780211261117', 'CABLECANAL 2 X 10 ', 'vistas/img/productos/default/anonymous.png', 100, 48, 90.72, 0, '2019-11-07 14:42:28'),
(714, 11, '9780201261011', 'CABLECANAL 14 X 7 ', 'vistas/img/productos/default/anonymous.png', 50, 36, 68.04, 0, '2019-11-07 14:44:27'),
(715, 11, '9780200696005', 'CAÑO POLIVINIL 20 MM ', 'vistas/img/productos/default/anonymous.png', 33, 68, 128.52, 0, '2019-11-07 14:47:28'),
(716, 11, '9780210531105', 'TUBILENO 5 8 X 25 MTRS ', 'vistas/img/productos/default/anonymous.png', 7, 216.52, 411.388, 0, '2019-12-21 13:02:29'),
(717, 11, '9780210388709', 'APLIQUE 1 LUZ SAN JUSTO  ', 'vistas/img/productos/default/anonymous.png', 12, 275.9, 413.85, 0, '2019-12-18 21:12:16'),
(718, 11, '9780210389959', 'VELADOR PINZA SJ 8750', 'vistas/img/productos/default/anonymous.png', 4, 448, 846.72, 0, '2019-11-07 14:54:54'),
(719, 11, '9780200382083', 'CRUZETA SOPORTE P CAJA LUZ 3 8', 'vistas/img/productos/default/anonymous.png', 10, 8.25, 15.5925, 0, '2019-11-07 14:55:57'),
(720, 11, '9780211586104', 'TAPA BASTIDOR CRISTAL ', 'vistas/img/productos/default/anonymous.png', 10, 121.5, 229.635, 0, '2019-11-07 14:56:53'),
(721, 11, '9780211586128', 'TAPA BASTIDOR CRISTAL NEGRO ', 'vistas/img/productos/default/anonymous.png', 10, 120, 226.8, 0, '2019-11-07 15:20:09'),
(722, 11, '9780211587507', 'LLAVE MITO ARM BCA 1 INTERRUP TECLON ', 'vistas/img/productos/default/anonymous.png', 6, 39.85, 75.3165, 0, '2019-11-07 15:21:23'),
(723, 11, '9780201587517', 'LLAVE MITO ARMADA BCA 2 INTERRUP TECLON ', 'vistas/img/productos/default/anonymous.png', 6, 61, 115.29, 0, '2019-11-07 15:22:50'),
(724, 11, '9780201451047', 'proyector led 20w', 'vistas/img/productos/default/anonymous.png', 10, 351, 663.39, 0, '2019-11-07 18:28:25'),
(725, 11, '9780201700138', 'termica jeluz 2x25amp', 'vistas/img/productos/default/anonymous.png', 20, 180, 340.2, 0, '2019-11-07 18:33:40'),
(726, 11, '9780201700114', 'termica jeluz 2x16 amp', 'vistas/img/productos/default/anonymous.png', 18, 180, 340.2, 0, '2019-11-07 18:35:30'),
(727, 11, '9780201470116', 'zocalo para fotocontrol lumnia', 'vistas/img/productos/default/anonymous.png', 5, 146.1, 276.129, 0, '2019-11-07 18:44:26'),
(728, 10, '9780201692556', 'vaso noa 400 ml', 'vistas/img/productos/default/anonymous.png', 21, 31.7, 59.913, 0, '2019-11-07 18:48:18'),
(729, 10, '9780201862539', 'vaso estereo pack x 6', 'vistas/img/productos/default/anonymous.png', 9, 145.45, 274.901, 0, '2019-11-07 18:49:48'),
(730, 10, '9780201092714', 'vaso tucuman 270ml', 'vistas/img/productos/default/anonymous.png', 5, 22.15, 41.8635, 0, '2019-11-07 18:50:40'),
(731, 10, '9780201860948', 'vaso quebec pack x 6', 'vistas/img/productos/default/anonymous.png', 1, 146.15, 276.224, 0, '2019-11-07 18:51:35'),
(732, 10, '9780201171792', 'vaso whisky 370ml', 'vistas/img/productos/default/anonymous.png', 12, 83, 156.87, 0, '2019-11-07 18:52:24'),
(733, 10, '9780201688726', 'vaso amsterdam pack x 6', 'vistas/img/productos/default/anonymous.png', 4, 193.55, 365.81, 0, '2019-11-07 18:53:23'),
(734, 10, '9780201475005', 'chopp cerveza vidrio', 'vistas/img/productos/default/anonymous.png', 10, 84.1, 158.949, 0, '2019-11-07 18:54:16'),
(735, 10, '9780201887143', 'copa noruega 420ml', 'vistas/img/productos/default/anonymous.png', 35, 47.35, 86.177, 0, '2019-12-05 15:20:25'),
(736, 10, '9780201072020', 'copa paulista 220ml', 'vistas/img/productos/default/anonymous.png', 18, 72.85, 137.686, 0, '2019-11-07 18:56:31'),
(737, 10, '9780201680171', 'copa baires 300ml pack x 6', 'vistas/img/productos/default/anonymous.png', 3, 365, 547.5, 0, '2019-12-05 15:22:04'),
(738, 10, '9780201966824', 'copa noruega 250 ml pack x 6', 'vistas/img/productos/default/anonymous.png', 7, 254.4, 381.6, 0, '2019-12-05 15:21:11'),
(739, 10, '9780201688467', 'vaso pinta 540ml', 'vistas/img/productos/default/anonymous.png', 10, 44.55, 84.1995, 0, '2019-11-07 19:01:12'),
(740, 10, '9780201208016', 'jarro submarino vidrio', 'vistas/img/productos/default/anonymous.png', 10, 107, 202.23, 0, '2019-11-07 20:14:41'),
(741, 10, '9780201952018', 'copa atlantica pack x 6', 'vistas/img/productos/default/anonymous.png', 2, 645, 1219.05, 0, '2019-11-07 20:56:10'),
(742, 10, '9780201001075', 'copa sommelier pack x2', 'vistas/img/productos/default/anonymous.png', 2, 432, 816.48, 0, '2019-11-07 20:57:04'),
(743, 10, '9780201746006', 'vaso durax pack x6', 'vistas/img/productos/default/anonymous.png', 3, 147, 277.83, 0, '2019-11-07 20:57:55'),
(744, 10, '9780201240009', 'vaso brasil pack x 6', 'vistas/img/productos/default/anonymous.png', 5, 160, 302.4, 0, '2019-11-07 20:58:43'),
(745, 10, '9780201503647', 'cacerola 24cm tramontina', 'vistas/img/productos/default/anonymous.png', 1, 925, 1748.25, 0, '2019-11-08 12:51:31'),
(746, 10, '9780201503029', 'cacerola hudson 20cm', 'vistas/img/productos/default/anonymous.png', 2, 730, 1379.7, 0, '2019-11-08 13:00:54'),
(747, 10, '9780201508369', 'cacerola hudson 26cm', 'vistas/img/productos/default/anonymous.png', 1, 1061, 2005.29, 0, '2019-11-08 12:53:39'),
(748, 10, '9780201503883', 'cacerola hudson 30cm', 'vistas/img/productos/default/anonymous.png', 1, 1588, 3001.32, 0, '2019-11-08 12:54:08'),
(749, 10, '9780201116151', 'sarten anabea 20cm', 'vistas/img/productos/default/anonymous.png', 2, 330, 623.7, 0, '2019-11-08 13:02:46'),
(750, 10, '9780201411539', 'guisera 24cm guadix', 'vistas/img/productos/default/anonymous.png', 1, 811, 1532.79, 0, '2019-11-08 13:05:01'),
(751, 10, '9780201031560', 'cacerola guadix 20cm', 'vistas/img/productos/default/anonymous.png', 1, 670, 1266.3, 0, '2019-11-08 13:07:47'),
(752, 10, '9780201126136', 'bifera guadix flow', 'vistas/img/productos/default/anonymous.png', 1, 882, 1666.98, 0, '2019-11-08 13:09:36'),
(753, 10, '9780201595406', 'sarten doble hudson 20cm', 'vistas/img/productos/default/anonymous.png', 1, 690, 1304.1, 0, '2019-11-08 13:12:36'),
(754, 10, '9780201595710', 'cacerola acero 18cm', 'vistas/img/productos/default/anonymous.png', 1, 670, 1266.3, 0, '2019-11-08 13:21:48'),
(755, 10, '9780201595888', 'cacerola acero 22cm', 'vistas/img/productos/default/anonymous.png', 1, 820, 1549.8, 0, '2019-11-08 13:23:06'),
(756, 10, '9780201595574', 'set cacerola acero hudson', 'vistas/img/productos/default/anonymous.png', 1, 1813, 3426.57, 0, '2019-11-08 13:25:25'),
(757, 10, '9780201814705', 'asadera con parrilla 17x27', 'vistas/img/productos/default/anonymous.png', 2, 294, 555.66, 0, '2019-11-08 13:37:32'),
(758, 10, '9780201357370', 'asadera rect c manopla silicona', 'vistas/img/productos/default/anonymous.png', 1, 437, 825.93, 0, '2019-11-08 13:39:56'),
(759, 10, '9780201606096', 'plancheta hierro 51x26', 'vistas/img/productos/default/anonymous.png', 1, 1137, 2148.93, 0, '2019-11-08 13:43:27'),
(760, 10, '9780201811087', 'chapas varias decorativas', 'vistas/img/productos/default/anonymous.png', 5, 175, 330.75, 0, '2019-11-08 13:45:44'),
(761, 10, '9780201032536', 'ensaladera acero 20cm carol', 'vistas/img/productos/default/anonymous.png', 4, 143, 270.27, 0, '2019-11-08 13:53:37'),
(762, 10, '9780201030761', 'legumbrera 24cm oval', 'vistas/img/productos/default/anonymous.png', 5, 131, 247.59, 0, '2019-11-08 13:59:13'),
(763, 10, '9780201030709', 'fuente oval plana acero 24cm', 'vistas/img/productos/default/anonymous.png', 4, 85, 160.65, 0, '2019-11-08 14:01:57'),
(764, 10, '9780201030716', 'fuente oval plana acero 26cm', 'vistas/img/productos/default/anonymous.png', 5, 102, 192.78, 0, '2019-11-08 14:03:59'),
(765, 10, '9780201005257', 'asadera 32x22 acero', 'vistas/img/productos/default/anonymous.png', 4, 228, 430.92, 0, '2019-11-08 14:19:22'),
(766, 10, '9780201004137', 'asadera acero 40x30', 'vistas/img/productos/default/anonymous.png', 3, 305, 576.45, 0, '2019-11-08 14:21:55'),
(767, 10, '9780201030808', 'legumbrera acero 38cm', 'vistas/img/productos/default/anonymous.png', 3, 280, 529.2, 0, '2019-11-08 14:23:55'),
(768, 10, '9780201030808', 'legumbrera fuente acero 38cm', 'vistas/img/productos/default/anonymous.png', 1, 300, 567, 0, '2019-11-08 14:57:28'),
(769, 10, '9780201030785', 'legunbrera fuente acero 28cm', 'vistas/img/productos/default/anonymous.png', 4, 190, 359.1, 0, '2019-11-08 14:59:22'),
(770, 8, '9780201064827', 'ADHESIVO PVC 100 CC', 'vistas/img/productos/default/anonymous.png', 3, 88, 166.32, 0, '2019-11-11 19:17:54'),
(771, 8, '9780201061642', 'BANDA AISLANTE EXTERIOR 7 MTRS ', 'vistas/img/productos/default/anonymous.png', 6, 203, 383.67, 0, '2019-11-11 19:20:58'),
(772, 9, '8435223402577', 'alicate universal 200mm Q108', 'vistas/img/productos/default/anonymous.png', 1, 500, 945, 0, '2019-12-06 14:39:53'),
(773, 9, '8435223402584', 'ALICATE CORTE DIAGONAL 160MM Q206', 'vistas/img/productos/default/anonymous.png', 1, 402.25, 760.253, 0, '2019-12-06 14:40:40'),
(774, 9, '8435223403314', 'PUNTA PH2 50MM BPH250', 'vistas/img/productos/default/anonymous.png', 20, 26.1, 49.329, 0, '2019-12-06 14:41:37'),
(775, 9, '8435223401877', 'CUTTER TRINCHETA C100', 'vistas/img/productos/default/anonymous.png', 2, 238.4, 450.576, 0, '2019-12-06 14:42:21'),
(776, 9, '8435223401891', 'CUTTER METALICO 18MM C218', 'vistas/img/productos/default/anonymous.png', 6, 247.7, 468.153, 0, '2019-12-06 14:43:27'),
(777, 9, '8435223413689', 'JUEGO LLAVES ALLIEN 9UNID LQ91', 'vistas/img/productos/default/anonymous.png', 2, 333.4, 630.126, 0, '2019-12-06 14:44:28'),
(778, 9, '8435223414143', 'JUEGO LLAVES ALLEN 9 UNID LQ93', 'vistas/img/productos/default/anonymous.png', 1, 501, 946.89, 0, '2019-12-06 14:45:28'),
(779, 9, '8435223407091', 'PISTOLA PINTAR MOTA P500', 'vistas/img/productos/default/anonymous.png', 1, 1806.5, 3414.28, 0, '2019-12-06 14:47:12'),
(780, 9, '9780201410013', 'caja medidor monofasica', 'vistas/img/productos/default/anonymous.png', 6, 318.6, 602.154, 0, '2019-12-11 19:59:21'),
(781, 11, '9780201439700', 'luminaria solar 20w', 'vistas/img/productos/default/anonymous.png', 2, 402.7, 761.103, 0, '2019-12-11 20:00:01'),
(782, 11, '9780201560305', 'farol trapezoidal sj5500', 'vistas/img/productos/default/anonymous.png', 6, 382.02, 722.018, 0, '2019-12-11 20:00:46'),
(783, 11, '9780201560350', 'farol de pared sj 5505', 'vistas/img/productos/default/anonymous.png', 6, 382, 721.98, 0, '2019-12-11 20:02:11'),
(784, 11, '9780201560411', 'farol esquinero sj5511', 'vistas/img/productos/default/anonymous.png', 4, 503.1, 950.859, 0, '2019-12-11 20:02:43'),
(785, 11, '9780201560435', 'farol doble mensula 5513', 'vistas/img/productos/default/anonymous.png', 6, 568.5, 1074.46, 0, '2019-12-11 20:03:18'),
(786, 11, '9780201571509', 'dicroica luz dia gu10 5w', 'vistas/img/productos/default/anonymous.png', 10, 83.64, 158.08, 0, '2019-12-11 20:05:24'),
(787, 11, '9780201589108', 'verona llave ext 1punto', 'vistas/img/productos/default/anonymous.png', 20, 37.85, 71.5365, 0, '2019-12-11 20:07:34'),
(788, 11, '9780201589115', 'verona toma simple ext', 'vistas/img/productos/default/anonymous.png', 20, 38.35, 72.4815, 0, '2019-12-11 20:14:59'),
(789, 11, '9780201589122', 'verona llave y punto ext', 'vistas/img/productos/default/anonymous.png', 20, 70, 132.3, 0, '2019-12-11 20:16:35'),
(790, 11, '9780201589146', 'verona llave doble ext', 'vistas/img/productos/default/anonymous.png', 20, 71.5, 135.135, 0, '2019-12-11 20:18:07'),
(791, 11, '9780201589207', 'verona toma doble ext', 'vistas/img/productos/default/anonymous.png', 20, 71.51, 135.154, 0, '2019-12-11 20:18:45'),
(792, 11, '9780201030266', 'ficha velador richi mf negra', 'vistas/img/productos/default/anonymous.png', 20, 18, 34.02, 0, '2019-12-11 20:21:49'),
(793, 11, '9780201091007', 'buscapolo 140mm', 'vistas/img/productos/default/anonymous.png', 12, 51.3, 96.957, 0, '2019-12-11 20:22:41'),
(794, 11, '9780201091014', 'buscapolo 200mm', 'vistas/img/productos/default/anonymous.png', 6, 63, 119.07, 0, '2019-12-11 20:23:08'),
(795, 11, '9780201110043', 'fotocontrol 1500w', 'vistas/img/productos/default/anonymous.png', 6, 207, 391.23, 0, '2019-12-11 20:23:36'),
(796, 11, '9780201190236', 'grampa cable coaxil n8', 'vistas/img/productos/default/anonymous.png', 250, 1.03, 1.9467, 0, '2019-12-11 20:24:22'),
(797, 11, '9780201280159', 'floron plastico blanco', 'vistas/img/productos/default/anonymous.png', 10, 19, 35.91, 0, '2019-12-11 20:24:49'),
(798, 11, '9780201381603', 'ficha plancha sj71801', 'vistas/img/productos/default/anonymous.png', 10, 42, 79.38, 0, '2019-12-11 20:25:23'),
(799, 11, '9780201382600', 'portalampara e27 sj421', 'vistas/img/productos/default/anonymous.png', 40, 32.4, 61.236, 0, '2019-12-12 12:01:21'),
(801, 11, '9780201447040', 'divisor 3vias tv', 'vistas/img/productos/default/anonymous.png', 10, 172.03, 325.137, 0, '2019-12-12 12:07:17'),
(802, 11, '9780201488104', 'caño pilar aprob 1 14', 'vistas/img/productos/default/anonymous.png', 3, 667, 1260.63, 0, '2019-12-12 12:07:58'),
(803, 11, '9780201530056', 'caja mignon 5x5', 'vistas/img/productos/default/anonymous.png', 200, 14.61, 27.759, 0, '2019-12-21 12:53:33'),
(804, 11, '9780201600117', 'abrazadera omega 34', 'vistas/img/productos/default/anonymous.png', 100, 1.9, 3.591, 0, '2019-12-12 12:09:43'),
(805, 11, '9780201680003', 'ficha multinorma 3 caras', 'vistas/img/productos/default/anonymous.png', 40, 68, 128.52, 0, '2019-12-12 12:10:47');
INSERT INTO `productos` (`id`, `id_categoria`, `codigo`, `descripcion`, `imagen`, `stock`, `precio_compra`, `precio_venta`, `ventas`, `fecha`) VALUES
(807, 11, '9780201696004', 'caño polivinil 20mm x 3mtr', 'vistas/img/productos/default/anonymous.png', 66, 69, 130.41, 0, '2019-12-12 12:12:23'),
(808, 11, '9780201696516', 'grampa polivinil 20mm', 'vistas/img/productos/default/anonymous.png', 100, 5.3, 10.017, 0, '2019-12-12 12:13:27'),
(809, 11, '9780201795028', 'prensa cable 34 c tuerca', 'vistas/img/productos/default/anonymous.png', 30, 15.85, 29.9565, 0, '2019-12-12 12:14:04'),
(810, 11, '9780201175608', 'bandeja smart 150mm x 3mtr', 'vistas/img/productos/default/anonymous.png', 2, 678.14, 1281.68, 0, '2019-12-12 12:14:38'),
(811, 11, '9780201175905', 'bandeja smart 200mm x 3mtr', 'vistas/img/productos/default/anonymous.png', 2, 787.5, 1488.38, 0, '2019-12-12 12:15:40'),
(812, 11, '9780201182002', 'toma multiple 4 tomas sin cable', 'vistas/img/productos/default/anonymous.png', 9, 123.1, 232.659, 0, '2019-12-21 15:02:09'),
(813, 11, '9780201182064', 'toma multiple 6 tomas sin cable', 'vistas/img/productos/default/anonymous.png', 10, 152.1, 287.469, 0, '2019-12-12 12:17:01'),
(814, 11, '9780201182200', 'toma multiple 2 tomas c cable x 3mtr', 'vistas/img/productos/default/anonymous.png', 0, 225.9, 426.951, 1, '2019-12-12 18:57:12'),
(815, 11, '9780201225754', 'timbre inalambrico 2 sonidos', 'vistas/img/productos/default/anonymous.png', 3, 495.5, 936.495, 0, '2019-12-12 12:18:10'),
(816, 11, '9780201230505', 'ficha adaptadora 2a3', 'vistas/img/productos/default/anonymous.png', 20, 33.3, 62.937, 0, '2019-12-12 12:18:47'),
(817, 11, '9780201272017', 'pipeta 1 14 p caño pilar', 'vistas/img/productos/default/anonymous.png', 6, 72.45, 136.93, 0, '2019-12-12 12:19:22'),
(818, 11, '9780201381740', 'conjunto prensa cable y terminal', 'vistas/img/productos/default/anonymous.png', 10, 11.7, 22.113, 0, '2019-12-12 12:20:19'),
(819, 11, '9780201086003', 'cable pre ensamblado 2x4', 'vistas/img/productos/default/anonymous.png', 70, 82.6, 156.114, 0, '2019-12-12 12:21:05'),
(820, 11, '9780201255010', 'cable unipolar 1x1 5 color varios', 'vistas/img/productos/default/anonymous.png', 2000, 6.9, 13.041, 0, '2019-12-12 12:30:13'),
(821, 11, '9780201255027', 'cable unipolar 1 x 2 5 mm  color varios', 'vistas/img/productos/default/anonymous.png', 2000, 10.25, 19.3725, 0, '2019-12-12 12:30:59'),
(822, 11, '9780201255065', 'cable paralelo 2 x 0 75  blanco', 'vistas/img/productos/default/anonymous.png', 100, 8.1, 15.309, 0, '2019-12-12 12:31:40'),
(824, 11, '9780201255126', 'cable TPR 2 x 2 5', 'vistas/img/productos/default/anonymous.png', 180, 31.8, 60.102, 0, '2019-12-12 12:32:59'),
(825, 11, '9780201255263', 'cable paralelo cristal 2 x 0 75', 'vistas/img/productos/default/anonymous.png', 100, 9.63, 18.2007, 0, '2019-12-12 12:33:33'),
(826, 11, '9780201255287', 'cable paralelo cristal 2 x 1 5', 'vistas/img/productos/default/anonymous.png', 100, 16, 30.24, 0, '2019-12-12 12:34:04'),
(827, 11, '9780201619003', 'liston tubo led 60cm', 'vistas/img/productos/default/anonymous.png', 25, 126.25, 238.613, 0, '2019-12-12 12:35:08'),
(828, 11, '9780201447019', 'divisor 2 vias tv', 'vistas/img/productos/default/anonymous.png', 10, 110.1, 208.089, 0, '2019-12-12 12:37:47'),
(829, 9, '9780201000252', 'disco diamantado 3en1 7pulg', 'vistas/img/productos/default/anonymous.png', 9, 639, 1207.71, 0, '2019-12-12 20:55:56'),
(830, 11, '9780201000245', 'disco diamantado 3en1 4 5 pulg', 'vistas/img/productos/default/anonymous.png', 13, 294, 555.66, 0, '2019-12-12 20:57:23'),
(831, 9, '9780201620054', 'balde albañil', 'vistas/img/productos/default/anonymous.png', 12, 60.3, 113.967, 0, '2019-12-12 20:58:21'),
(832, 9, '9780205850082', 'tanza cuadrada 3mm', 'vistas/img/productos/default/anonymous.png', 100, 7, 13.23, 0, '2019-12-12 21:00:12'),
(833, 9, '9780201330243', 'manguera cristal 16x20 x mtr', 'vistas/img/productos/default/anonymous.png', 50, 38.65, 73.0485, 0, '2019-12-12 21:01:04'),
(834, 9, '9780201120080', 'cabo hacha recto 90cm', 'vistas/img/productos/default/anonymous.png', 4, 125.8, 237.762, 0, '2019-12-12 21:01:51'),
(835, 9, '9780201120028', 'cabo azada 135mm', 'vistas/img/productos/default/anonymous.png', 4, 173.62, 328.142, 0, '2019-12-12 21:02:53'),
(836, 9, '9780201120035', 'cabo rastrillo 135mm', 'vistas/img/productos/default/anonymous.png', 4, 121.55, 229.73, 0, '2019-12-12 21:03:24'),
(837, 9, '9780201420029', 'cabo escobillon con rosca', 'vistas/img/productos/default/anonymous.png', 12, 25.85, 48.8565, 0, '2019-12-12 21:03:57'),
(838, 9, '9780201170450', 'valvula completa goma 1 2', 'vistas/img/productos/default/anonymous.png', 100, 9.85, 18.6165, 0, '2019-12-12 21:04:39'),
(839, 9, '9780207030017', 'boya ideal', 'vistas/img/productos/default/anonymous.png', 20, 70.42, 133.094, 0, '2019-12-12 21:05:08'),
(840, 9, '9780201170955', 'boya malvar recagable', 'vistas/img/productos/default/anonymous.png', 17, 97, 183.33, 3, '2019-12-16 15:19:13'),
(841, 9, '9780207030239', 'union pvc goma blanca ideal', 'vistas/img/productos/default/anonymous.png', 9, 29.15, 55.0935, 0, '2019-12-20 22:03:00'),
(842, 9, '9780201650341', 'bisagra atornillar 15cm', 'vistas/img/productos/default/anonymous.png', 6, 62.41, 117.955, 0, '2019-12-13 12:23:32'),
(843, 9, '9780201190045', 'roldana n 50', 'vistas/img/productos/default/anonymous.png', 10, 39, 60.06, 0, '2019-12-17 21:00:53'),
(844, 9, '9780202020181', 'manija giratoria bce platil', 'vistas/img/productos/default/anonymous.png', 4, 240.03, 453.657, 0, '2019-12-13 12:25:49'),
(845, 9, '9780202020174', 'manija giratoria bce pulido', 'vistas/img/productos/default/anonymous.png', 4, 240, 453.6, 0, '2019-12-13 12:26:12'),
(846, 9, '9780201450026', 'polea cincada 23cm', 'vistas/img/productos/default/anonymous.png', 4, 141.75, 267.908, 0, '2019-12-13 12:27:59'),
(847, 9, '9780201540192', 'regaton regulable 3 8', 'vistas/img/productos/default/anonymous.png', 8, 15.6, 29.484, 0, '2019-12-13 12:29:54'),
(848, 9, '9780201340136', 'bisagra 5005 51mm', 'vistas/img/productos/default/anonymous.png', 10, 130, 245.7, 0, '2019-12-13 12:31:06'),
(849, 9, '9780201340129', 'bisagra 5005 38mm', 'vistas/img/productos/default/anonymous.png', 10, 110.25, 208.372, 0, '2019-12-13 12:31:48'),
(850, 9, '9780201040012', 'tapa pileta universal', 'vistas/img/productos/default/anonymous.png', 12, 7.41, 14.0049, 0, '2019-12-13 12:32:19'),
(851, 9, '9780201260069', 'abrazadera 00 10 13', 'vistas/img/productos/default/anonymous.png', 20, 20, 37.8, 0, '2019-12-13 12:33:57'),
(852, 9, '9780201260076', 'abrazadera 0 12 20', 'vistas/img/productos/default/anonymous.png', 20, 20, 37.8, 0, '2019-12-13 12:34:26'),
(853, 9, '9780201260083', 'abrazadera 1 19 26', 'vistas/img/productos/default/anonymous.png', 20, 20.56, 38.8584, 0, '2019-12-13 12:34:53'),
(854, 9, '9780201260090', 'abrazadera 2 23 29', 'vistas/img/productos/default/anonymous.png', 20, 21, 39.69, 0, '2019-12-13 12:35:28'),
(855, 9, '9780201260106', 'abrazadera 3 30 20', 'vistas/img/productos/default/anonymous.png', 20, 21, 39.69, 0, '2019-12-13 12:35:59'),
(856, 9, '9780201260113', 'abrazadera 4 35 42', 'vistas/img/productos/default/anonymous.png', 20, 21, 39.69, 0, '2019-12-13 12:36:22'),
(857, 9, '9780201260120', 'abrazadera 5 40 49', 'vistas/img/productos/default/anonymous.png', 20, 21, 39.69, 0, '2019-12-13 12:36:51'),
(858, 9, '9780201260137', 'abrazadera 6 48 55', 'vistas/img/productos/default/anonymous.png', 20, 21, 39.69, 0, '2019-12-13 12:37:08'),
(859, 9, '9780201080315', 'grampa omega 1 2', 'vistas/img/productos/default/anonymous.png', 50, 3.1, 5.859, 0, '2019-12-13 12:37:54'),
(860, 9, '9780201080322', 'grampa omega 3 4', 'vistas/img/productos/default/anonymous.png', 50, 3.65, 6.8985, 0, '2019-12-13 12:38:53'),
(861, 9, '9780201080339', 'grampa omega 1 pulg', 'vistas/img/productos/default/anonymous.png', 30, 4.25, 8.0325, 0, '2019-12-13 12:43:31'),
(862, 9, '9780201080926', 'grampa omega 4 pulg', 'vistas/img/productos/default/anonymous.png', 10, 15.7, 29.673, 0, '2019-12-13 12:44:13'),
(863, 9, '9780201920727', 'grampa galv 1 8 pulg', 'vistas/img/productos/default/anonymous.png', 10, 5.76, 10.8864, 0, '2019-12-13 12:44:45'),
(864, 9, '9780201920734', 'grampa galv 1 16 pulgadas', 'vistas/img/productos/default/anonymous.png', 10, 6.4, 12.096, 0, '2019-12-13 12:45:17'),
(865, 9, '9780201180534', 'mazo goma 350 gr', 'vistas/img/productos/default/anonymous.png', 2, 464.3, 877.527, 0, '2019-12-13 12:45:49'),
(866, 9, '9780201791389', 'soporte aire acond 38x42', 'vistas/img/productos/default/anonymous.png', 4, 473.61, 895.123, 0, '2019-12-13 12:46:24'),
(867, 9, '9780201000733', 'alambre galv n 20', 'vistas/img/productos/default/anonymous.png', 20, 46.14, 87.2046, 0, '2019-12-13 12:47:09'),
(868, 9, '9780201003918', 'alambre galv n 16 x 500gr', 'vistas/img/productos/default/anonymous.png', 6, 86.5, 163.485, 0, '2019-12-13 12:47:51'),
(869, 9, '9780201003796', 'alambre recocido n 16 x 500gr', 'vistas/img/productos/default/anonymous.png', 10, 76.02, 143.678, 0, '2019-12-13 12:54:21'),
(870, 9, '9780201100112', 'soporte cuadro n25', 'vistas/img/productos/default/anonymous.png', 100, 1.45, 2.7405, 0, '2019-12-13 12:54:47'),
(871, 9, '9780201100129', 'soporte cuadro n30', 'vistas/img/productos/default/anonymous.png', 100, 1.82, 3.4398, 0, '2019-12-13 12:55:09'),
(872, 9, '9780201170153', 'tirafondo 14 x 70mm', 'vistas/img/productos/default/anonymous.png', 50, 7.61, 14.3829, 0, '2019-12-13 12:56:01'),
(873, 8, '9780201001860', 'soporte bocha cerrado 22mm', 'vistas/img/productos/default/anonymous.png', 10, 33.9, 64.071, 0, '2019-12-13 12:56:34'),
(874, 9, '9780201390063', 'caño lujo ext blanco', 'vistas/img/productos/default/anonymous.png', 8, 295, 557.55, 0, '2019-12-18 12:36:27'),
(875, 9, '9780201000887', 'tergopol 1x1', 'vistas/img/productos/default/anonymous.png', 50, 74.72, 141.221, 0, '2019-12-13 12:59:00'),
(876, 11, '9780201458374', 'cinta aisladora 3M x 20mtr', 'vistas/img/productos/default/anonymous.png', 20, 98, 185.22, 0, '2019-12-16 22:02:04'),
(877, 11, '9780201990997', 'prolongacion sica 8 tomas con 1 5 mtr cable', 'vistas/img/productos/default/anonymous.png', 3, 421.8, 797.202, 0, '2019-12-16 22:04:41'),
(878, 9, '9780203039991', 'electrodos 2mm x kg', 'vistas/img/productos/default/anonymous.png', 20, 258.05, 487.715, 0, '2019-12-16 22:06:19'),
(879, 9, '9780201113297', 'pilas AA x 4 unid', 'vistas/img/productos/default/anonymous.png', 10, 89, 168.21, 0, '2019-12-16 22:08:29'),
(880, 9, '9780201990997', 'pilas AAA x 4unid', 'vistas/img/productos/default/anonymous.png', 10, 110, 207.9, 0, '2019-12-16 22:09:37'),
(881, 11, '9780201031645', 'prolongacion 4 tomas x 5mtr cable', 'vistas/img/productos/default/anonymous.png', 1, 266.43, 503.553, 0, '2019-12-21 13:52:23'),
(882, 11, '9780201100099', 'prolongacion 4 tomas x 1 5mtr cable', 'vistas/img/productos/default/anonymous.png', 1, 275.87, 521.394, 0, '2019-12-19 19:26:36'),
(883, 11, '9780202550688', 'lampara colgante lux c ceramica', 'vistas/img/productos/default/anonymous.png', 5, 1473, 2783.97, 0, '2019-12-19 19:26:20'),
(884, 11, '9780202550633', 'araña banjul x6', 'vistas/img/productos/default/anonymous.png', 1, 5890, 8246, 0, '2019-12-19 19:25:59'),
(885, 11, '9780202540108', 'aplique venecia con pantalla', 'vistas/img/productos/default/anonymous.png', 2, 1676, 3167.64, 0, '2019-12-19 19:25:44'),
(886, 11, '9780202550527', 'lampara colgante denin', 'vistas/img/productos/default/anonymous.png', 2, 1036, 1554, 0, '2019-12-19 19:25:09'),
(887, 11, '9780202550602', 'lampara colgante brenda', 'vistas/img/productos/default/anonymous.png', 2, 1046, 1976.94, 0, '2019-12-19 19:23:51'),
(888, 11, '9780202530703', 'lampara de mesa arco con pantalla', 'vistas/img/productos/default/anonymous.png', 1, 1481, 2799.09, 0, '2019-12-19 18:50:56'),
(889, 11, '9780202530710', 'lampara arco de pie con pantalla', 'vistas/img/productos/default/anonymous.png', 1, 2225, 4205.25, 0, '2019-12-19 18:50:40'),
(890, 9, '8435223412811', 'lubricante mota 155gr', 'vistas/img/productos/default/anonymous.png', 5, 118, 223.02, 2, '2019-12-19 18:50:08'),
(891, 11, '9780202550367', 'lampara colgante recta kenia x5', 'vistas/img/productos/default/anonymous.png', 2, 3641, 6881.49, 0, '2019-12-19 20:45:56'),
(892, 11, '9780202531021', 'lampara de pie geitor bocha ceramica', 'vistas/img/productos/default/anonymous.png', 1, 2350, 4441.5, 0, '2019-12-19 20:46:26'),
(893, 11, '9780202550831', 'lampara colgante atrapa sueños ', 'vistas/img/productos/default/anonymous.png', 1, 1343, 2538.27, 0, '2019-12-19 20:46:59'),
(894, 11, '9780202490496', 'velador de meza bocha ceramica', 'vistas/img/productos/default/anonymous.png', 2, 1355, 2560.95, 0, '2019-12-19 20:47:42'),
(895, 11, '9780202490472', 'velador metal varios modelos', 'vistas/img/productos/default/anonymous.png', 6, 810, 1530.9, 0, '2019-12-19 20:49:00'),
(896, 11, '9780201030501', 'colgante cobre metalizado mini reja C3050', 'vistas/img/productos/default/anonymous.png', 2, 1130, 2135.7, 0, '2019-12-20 12:10:01'),
(897, 11, '9780201000283', 'araña flor x5', 'vistas/img/productos/default/anonymous.png', 1, 4386, 8289.54, 0, '2019-12-20 12:10:48'),
(898, 11, '9780201020113', 'colgante metalizado reja C2011', 'vistas/img/productos/default/anonymous.png', 2, 1259, 2379.51, 0, '2019-12-20 12:12:27'),
(899, 11, '9780201001419', 'lampara meza turqueza LM141', 'vistas/img/productos/default/anonymous.png', 1, 1800, 3402, 0, '2019-12-20 12:31:06'),
(900, 11, '9780201020243', 'colgante campanita metalizado C2024', 'vistas/img/productos/default/anonymous.png', 4, 643, 1215.27, 0, '2019-12-20 12:32:29'),
(901, 11, '9780201001525', 'aplique pared farol AP152', 'vistas/img/productos/default/anonymous.png', 2, 1869, 3532.41, 0, '2019-12-20 12:32:59'),
(902, 11, '9780201001532', 'aplique pared farolito AP153', 'vistas/img/productos/default/anonymous.png', 4, 1121, 2118.69, 0, '2019-12-20 12:33:33'),
(903, 8, '9780201250190', 'flexible pvc x 50cm media pulgada', 'vistas/img/productos/default/anonymous.png', 20, 62, 117.18, 0, '2019-12-20 22:28:35'),
(904, 11, '9780201696110', 'union polivinil 20mm', 'vistas/img/productos/default/anonymous.png', 50, 5.6, 10.584, 0, '2019-12-24 14:20:42'),
(905, 11, '9780201696219', 'curva polivinil 20mm', 'vistas/img/productos/default/anonymous.png', 50, 18.48, 34.9272, 0, '2019-12-24 14:21:20'),
(906, 11, '9780201696301', 'conector polivinil 20mm', 'vistas/img/productos/default/anonymous.png', 50, 9.75, 18.4275, 0, '2019-12-24 14:21:48'),
(907, 11, '9780201696813', 'caja polivinil 3 vias', 'vistas/img/productos/default/anonymous.png', 15, 64.42, 121.754, 0, '2019-12-24 14:22:16'),
(908, 11, '9780201112702', 'caja octogonal con tapa pvc', 'vistas/img/productos/default/anonymous.png', 6, 64, 120.96, 0, '2019-12-24 14:22:47'),
(909, 11, '9780201255034', 'cable unipolar 1x4mm colores varios', 'vistas/img/productos/default/anonymous.png', 200, 19.75, 37.3275, 0, '2019-12-24 14:23:26'),
(910, 11, '9780201255041', 'cable unipolar 1x6mm colores varios', 'vistas/img/productos/default/anonymous.png', 200, 29.6, 55.944, 0, '2019-12-24 14:24:08'),
(911, 11, '9780201530018', 'caja rectagunlar 5x10 chapa', 'vistas/img/productos/default/anonymous.png', 120, 14.61, 27.6129, 0, '2019-12-24 14:26:01'),
(912, 11, '9780201530032', 'caja octogonal ch grande', 'vistas/img/productos/default/anonymous.png', 50, 44.93, 84.9177, 0, '2019-12-24 14:29:01'),
(913, 11, '9780201530049', 'caja chapa 10x10', 'vistas/img/productos/default/anonymous.png', 40, 54.7, 103.383, 0, '2019-12-24 14:29:21'),
(914, 11, '9780201530513', 'conector 3 4 metal', 'vistas/img/productos/default/anonymous.png', 400, 7.8, 14.742, 0, '2019-12-24 14:31:33'),
(915, 11, '9780201040524', 'curva plastica 3 4 pulgadas', 'vistas/img/productos/default/anonymous.png', 100, 7.85, 14.8365, 0, '2019-12-24 14:31:56'),
(916, 11, '9780201000580', 'velador base cuadrada metal M58 rojo negro bl', 'vistas/img/productos/default/anonymous.png', 5, 730, 1379.7, 0, '2019-12-27 14:21:43'),
(917, 11, '9780201000207', 'lampara colg 3 bochas cromo', 'vistas/img/productos/default/anonymous.png', 1, 8695, 16433.6, 0, '2019-12-27 14:23:17'),
(918, 11, '9780201000191', 'lampara colg 3 luces pantalla blanca', 'vistas/img/productos/default/anonymous.png', 1, 5589, 10563.2, 0, '2019-12-27 14:23:55'),
(919, 11, '9780201000276', 'colgante cromo ', 'vistas/img/productos/default/anonymous.png', 1, 3382, 6391.98, 0, '2019-12-27 14:31:32'),
(920, 11, '9780201000627', 'lampara pie arco chico bocha cromo', 'vistas/img/productos/default/anonymous.png', 1, 6868, 12980.5, 0, '2019-12-27 14:32:06'),
(921, 12, '9780201012170', 'puntera para garrafa goma', 'vistas/img/productos/default/anonymous.png', 100, 2, 3.78, 0, '2019-12-27 20:59:11'),
(922, 12, '9780201035292', 'canilla lavatorio 1 agua', 'vistas/img/productos/default/anonymous.png', 4, 509.46, 962.879, 0, '2019-12-27 21:00:05'),
(923, 12, '9780201785326', 'galvanizado rosca con tuerca 3 4', 'vistas/img/productos/default/anonymous.png', 12, 43, 81.27, 0, '2019-12-27 21:01:48'),
(924, 12, '9780201788785', 'galvanizado niple 3 4 x 8cm ', 'vistas/img/productos/default/anonymous.png', 10, 29.68, 56.0952, 0, '2019-12-27 21:02:24'),
(925, 12, '9780201055412', 'flexible aprob medidor 1 1 4 x 3 4', 'vistas/img/productos/default/anonymous.png', 5, 1156.49, 2185.77, 0, '2019-12-27 21:03:03'),
(926, 12, '9780201055245', 'flexible aprob ext a 95cm 1 2', 'vistas/img/productos/default/anonymous.png', 6, 950.85, 1797.11, 0, '2019-12-27 21:04:23'),
(927, 12, '9780201055238', 'flexible aprob ext a 42cm 1 2', 'vistas/img/productos/default/anonymous.png', 6, 594, 1122.66, 0, '2019-12-27 21:04:54'),
(928, 12, '9780201072457', 'flapper capea', 'vistas/img/productos/default/anonymous.png', 10, 70.06, 132.413, 0, '2019-12-27 21:05:14'),
(929, 12, '9780201422016', 'sierra  copa rhein 43mm', 'vistas/img/productos/default/anonymous.png', 2, 240.6, 454.734, 0, '2019-12-27 21:05:56'),
(930, 12, '9780201017168', 'inserto estria fina bce', 'vistas/img/productos/default/anonymous.png', 100, 7.67, 14.4963, 0, '2019-12-27 21:06:59'),
(931, 12, '9780201036206', 'llave candado 3 4 mh', 'vistas/img/productos/default/anonymous.png', 6, 687.6, 1299.56, 0, '2019-12-27 21:08:19'),
(932, 12, '9780201050790', 'monocomando hydros lavatorio shift', 'vistas/img/productos/default/anonymous.png', 2, 1931.4, 3650.35, 0, '2019-12-27 21:10:05'),
(933, 12, '9780201056099', 'llave esclusa 3 4', 'vistas/img/productos/default/anonymous.png', 6, 273.45, 516.82, 0, '2019-12-27 21:12:11'),
(934, 12, '9780201056105', 'llave esclusa 1 pulg', 'vistas/img/productos/default/anonymous.png', 4, 390, 737.1, 0, '2019-12-27 21:13:21'),
(935, 12, '9780201015836', 'grampa magari 3 4 pulg', 'vistas/img/productos/default/anonymous.png', 40, 45.67, 86.3163, 0, '2019-12-27 21:14:21'),
(936, 12, '9780201015843', 'grampa magari 1 pulg', 'vistas/img/productos/default/anonymous.png', 30, 48.88, 92.3832, 0, '2019-12-27 21:14:58'),
(937, 12, '9780201015850', 'grampa magari  1 14 pulgadas', 'vistas/img/productos/default/anonymous.png', 20, 52.1, 98.469, 0, '2019-12-27 21:16:00'),
(938, 12, '9780201017205', 'campana peirano tornado', 'vistas/img/productos/default/anonymous.png', 24, 24, 45.36, 0, '2019-12-27 21:17:00'),
(939, 12, '9780201105100', 'campana cromo peirano', 'vistas/img/productos/default/anonymous.png', 24, 23, 43.47, 0, '2019-12-27 21:17:51'),
(940, 12, '9780201017182', 'campana cromo fv', 'vistas/img/productos/default/anonymous.png', 24, 23, 43.47, 0, '2019-12-27 21:18:24'),
(941, 9, '11', 'asdasd', 'vistas/img/productos/default/anonymous.png', 219, 12, 18, 14, '2019-12-30 03:53:47');

-- --------------------------------------------------------

--
-- Estructura de tabla para la tabla `usuarios`
--

CREATE TABLE `usuarios` (
  `id` int(11) NOT NULL,
  `nombre` text COLLATE utf8_spanish_ci NOT NULL,
  `usuario` text COLLATE utf8_spanish_ci NOT NULL,
  `password` text COLLATE utf8_spanish_ci NOT NULL,
  `perfil` text COLLATE utf8_spanish_ci NOT NULL,
  `foto` text COLLATE utf8_spanish_ci NOT NULL,
  `estado` int(11) NOT NULL,
  `ultimo_login` datetime NOT NULL,
  `fecha` timestamp NOT NULL DEFAULT CURRENT_TIMESTAMP ON UPDATE CURRENT_TIMESTAMP
) ENGINE=InnoDB DEFAULT CHARSET=utf8 COLLATE=utf8_spanish_ci;

--
-- Volcado de datos para la tabla `usuarios`
--

INSERT INTO `usuarios` (`id`, `nombre`, `usuario`, `password`, `perfil`, `foto`, `estado`, `ultimo_login`, `fecha`) VALUES
(1, 'Administrador', 'admin', '$2a$07$asxx54ahjppf45sd87a5auXBm1Vr2M1NV5t/zNQtGHGpS5fFirrbG', 'Administrador', 'vistas/img/usuarios/admin/191.jpg', 1, '2019-12-29 18:30:46', '2019-12-29 23:30:46'),
(57, 'Juan Fernando Urrego', 'juan', '$2a$07$asxx54ahjppf45sd87a5auwRi.z6UsW7kVIpm0CUEuCpmsvT2sG6O', 'Vendedor', 'vistas/img/usuarios/juan/461.jpg', 1, '2018-02-06 16:58:50', '2018-02-06 21:58:50'),
(58, 'Julio Gómez', 'julio', '$2a$07$asxx54ahjppf45sd87a5auQhldmFjGsrgUipGlmQgDAcqevQZSAAC', 'Especial', 'vistas/img/usuarios/julio/100.png', 0, '2018-02-06 17:09:22', '2019-08-29 15:02:12'),
(59, 'Ana Gonzalez', 'ana', '$2a$07$asxx54ahjppf45sd87a5auLd2AxYsA/2BbmGKNk2kMChC3oj7V0Ca', 'Vendedor', 'vistas/img/usuarios/ana/260.png', 1, '2017-12-26 19:21:40', '2017-12-27 00:21:40'),
(60, 'roxana', 'roxana', '$2a$07$asxx54ahjppf45sd87a5auPvoxgc/jhHcg1vutMJOCLnTQ7I/t1uu', 'Vendedor', '', 1, '2019-12-02 08:15:42', '2019-12-02 13:15:42');

-- --------------------------------------------------------

--
-- Estructura de tabla para la tabla `ventas`
--

CREATE TABLE `ventas` (
  `id` int(11) NOT NULL,
  `codigo` int(11) NOT NULL,
  `id_cliente` int(11) NOT NULL,
  `id_vendedor` int(11) NOT NULL,
  `productos` text COLLATE utf8_spanish_ci NOT NULL,
  `impuesto` float NOT NULL,
  `neto` float NOT NULL,
  `total` float NOT NULL,
  `metodo_pago` text COLLATE utf8_spanish_ci NOT NULL,
  `fecha` timestamp NOT NULL DEFAULT CURRENT_TIMESTAMP ON UPDATE CURRENT_TIMESTAMP
) ENGINE=InnoDB DEFAULT CHARSET=utf8 COLLATE=utf8_spanish_ci;

--
-- Volcado de datos para la tabla `ventas`
--

INSERT INTO `ventas` (`id`, `codigo`, `id_cliente`, `id_vendedor`, `productos`, `impuesto`, `neto`, `total`, `metodo_pago`, `fecha`) VALUES
(29, 10013, 14, 57, '[{\"id\":\"54\",\"descripcion\":\"Chapeta\",\"cantidad\":\"1\",\"stock\":\"18\",\"precio\":\"\",\"total\":\"924\"},{\"id\":\"59\",\"descripcion\":\"Cono slump\",\"cantidad\":\"1\",\"stock\":\"17\",\"precio\":\"\",\"total\":\"196\"}]', 212.8, 1120, 1332.8, 'Efectivo', '2019-12-30 02:57:06'),
(32, 10016, 8, 57, '[{\"id\":\"58\",\"descripcion\":\"Coche llanta neumatica\",\"cantidad\":\"1\",\"stock\":\"17\",\"precio\":\"588\",\"total\":\"588\"},{\"id\":\"57\",\"descripcion\":\"Cizalla de Tijera\",\"cantidad\":\"5\",\"stock\":\"11\",\"precio\":\"812\",\"total\":\"4060\"},{\"id\":\"56\",\"descripcion\":\"Cizalla de Palanca\",\"cantidad\":\"1\",\"stock\":\"19\",\"precio\":\"630\",\"total\":\"630\"}]', 1002.82, 5278, 6280.82, 'TD-4523523523', '2017-12-26 22:25:55'),
(33, 10017, 7, 57, '[{\"id\":\"57\",\"descripcion\":\"Cizalla de Tijera\",\"cantidad\":\"4\",\"stock\":\"7\",\"precio\":\"812\",\"total\":\"3248\"},{\"id\":\"52\",\"descripcion\":\"Bascula \",\"cantidad\":\"3\",\"stock\":\"17\",\"precio\":\"182\",\"total\":\"546\"},{\"id\":\"55\",\"descripcion\":\"Cilindro muestra de concreto\",\"cantidad\":\"2\",\"stock\":\"18\",\"precio\":\"560\",\"total\":\"1120\"},{\"id\":\"56\",\"descripcion\":\"Cizalla de Palanca\",\"cantidad\":\"1\",\"stock\":\"18\",\"precio\":\"630\",\"total\":\"630\"}]', 1053.36, 5544, 6597.36, 'Efectivo', '2017-12-26 22:26:28'),
(34, 10018, 6, 57, '[{\"id\":\"51\",\"descripcion\":\"Tensor\",\"cantidad\":\"1\",\"stock\":\"19\",\"precio\":\"140\",\"total\":\"140\"},{\"id\":\"52\",\"descripcion\":\"Bascula \",\"cantidad\":\"5\",\"stock\":\"12\",\"precio\":\"182\",\"total\":\"910\"},{\"id\":\"53\",\"descripcion\":\"Bomba Hidrostatica\",\"cantidad\":\"1\",\"stock\":\"8\",\"precio\":\"1078\",\"total\":\"1078\"}]', 404.32, 2128, 2532.32, 'Efectivo', '2017-12-26 22:26:51'),
(35, 10019, 5, 57, '[{\"id\":\"56\",\"descripcion\":\"Cizalla de Palanca\",\"cantidad\":\"15\",\"stock\":\"3\",\"precio\":\"630\",\"total\":\"9450\"},{\"id\":\"55\",\"descripcion\":\"Cilindro muestra de concreto\",\"cantidad\":\"1\",\"stock\":\"17\",\"precio\":\"560\",\"total\":\"560\"}]', 1901.9, 10010, 11911.9, 'Efectivo', '2017-12-26 22:27:13'),
(36, 10020, 4, 57, '[{\"id\":\"55\",\"descripcion\":\"Cilindro muestra de concreto\",\"cantidad\":\"1\",\"stock\":\"16\",\"precio\":\"560\",\"total\":\"560\"},{\"id\":\"54\",\"descripcion\":\"Chapeta\",\"cantidad\":\"1\",\"stock\":\"16\",\"precio\":\"924\",\"total\":\"924\"}]', 281.96, 1484, 1765.96, 'TC-46346346346', '2017-12-26 22:27:42'),
(37, 10021, 3, 1, '[{\"id\":\"60\",\"descripcion\":\"Cortadora de Baldosin\",\"cantidad\":\"1\",\"stock\":\"13\",\"precio\":\"1302\",\"total\":\"1302\"},{\"id\":\"59\",\"descripcion\":\"Cono slump\",\"cantidad\":\"1\",\"stock\":\"15\",\"precio\":\"196\",\"total\":\"196\"}]', 149.8, 1498, 1647.8, 'Efectivo', '2018-02-06 22:47:02'),
(38, 10022, 10, 1, '[{\"id\":\"60\",\"descripcion\":\"Cortadora de Baldosin\",\"cantidad\":\"1\",\"stock\":\"12\",\"precio\":\"1302\",\"total\":\"1302\"},{\"id\":\"59\",\"descripcion\":\"Cono slump\",\"cantidad\":\"1\",\"stock\":\"14\",\"precio\":\"196\",\"total\":\"196\"}]', 0, 1498, 1498, 'Efectivo', '2019-08-16 18:10:58'),
(39, 10023, 3, 1, '[{\"id\":\"61\",\"descripcion\":\"cuchara\",\"cantidad\":\"1\",\"stock\":\"0\",\"precio\":\"70\",\"total\":\"70\"}]', 14.7, 70, 84.7, 'Efectivo', '2019-08-23 15:01:33'),
(40, 10024, 3, 1, '[{\"id\":\"62\",\"descripcion\":\"molde de sorrentino\",\"cantidad\":\"2\",\"stock\":\"2\",\"precio\":\"89.207\",\"total\":\"178.41\"}]', 0, 178.41, 178.41, 'Efectivo', '2019-08-23 15:06:20'),
(42, 10025, 4, 1, '[{\"id\":\"62\",\"descripcion\":\"molde de sorrentino\",\"cantidad\":\"1\",\"stock\":\"1\",\"precio\":\"89.207\",\"total\":\"89.207\"}]', 0, 89.207, 89.207, 'Efectivo', '2019-08-23 15:08:04'),
(43, 10026, 5, 1, '[{\"id\":\"62\",\"descripcion\":\"molde de sorrentino\",\"cantidad\":\"1\",\"stock\":\"0\",\"precio\":\"89.207\",\"total\":\"89.207\"}]', 0, 89.207, 89.207, 'Efectivo', '2019-08-23 15:11:11'),
(44, 10026, 5, 1, '[{\"id\":\"62\",\"descripcion\":\"molde de sorrentino\",\"cantidad\":\"1\",\"stock\":\"0\",\"precio\":\"89.207\",\"total\":\"89.207\"}]', 0, 89.207, 89.207, 'Efectivo', '2019-08-23 15:11:44'),
(45, 10027, 4, 1, '[{\"id\":\"60\",\"descripcion\":\"Cortadora de Baldosin\",\"cantidad\":\"1\",\"stock\":\"11\",\"precio\":\"1302\",\"total\":\"1302\"}]', 0, 1302, 1302, 'Efectivo', '2019-08-23 15:12:26'),
(46, 10028, 3, 1, '[{\"id\":\"60\",\"descripcion\":\"Cortadora de Baldosin\",\"cantidad\":\"1\",\"stock\":\"10\",\"precio\":\"1302\",\"total\":\"1302\"}]', 0, 1302, 1302, 'Efectivo', '2019-08-23 15:15:56'),
(47, 10029, 4, 1, '[{\"id\":\"59\",\"descripcion\":\"Cono slump\",\"cantidad\":\"1\",\"stock\":\"13\",\"precio\":\"196\",\"total\":\"196\"}]', 0, 196, 196, 'Efectivo', '2019-08-23 15:27:12'),
(48, 10029, 4, 1, '[{\"id\":\"59\",\"descripcion\":\"Cono slump\",\"cantidad\":\"1\",\"stock\":\"13\",\"precio\":\"196\",\"total\":\"196\"}]', 0, 196, 196, 'Efectivo', '2019-08-23 15:29:19'),
(49, 10030, 6, 1, '[{\"id\":\"59\",\"descripcion\":\"Cono slump\",\"cantidad\":\"1\",\"stock\":\"12\",\"precio\":\"196\",\"total\":\"196\"}]', 0, 196, 196, 'Efectivo', '2019-08-23 15:30:13'),
(50, 10031, 5, 1, '[{\"id\":\"59\",\"descripcion\":\"Cono slump\",\"cantidad\":\"1\",\"stock\":\"11\",\"precio\":\"196\",\"total\":\"196\"}]', 392, 196, 588, 'Efectivo', '2019-08-23 15:33:24'),
(51, 10032, 4, 1, '[{\"id\":\"59\",\"descripcion\":\"Cono slump\",\"cantidad\":\"1\",\"stock\":\"10\",\"precio\":\"196\",\"total\":\"196\"}]', 0, 196, 196, 'Efectivo', '2019-08-29 14:41:54'),
(52, 10033, 14, 1, '[{\"id\":\"55\",\"descripcion\":\"Cilindro muestra de concreto\",\"cantidad\":\"1\",\"stock\":\"15\",\"precio\":\"\",\"total\":\"560\"}]', 56, 560, 616, 'Efectivo', '2019-12-30 03:10:48'),
(53, 10034, 6, 1, '[{\"id\":\"59\",\"descripcion\":\"Cono slump\",\"cantidad\":\"1\",\"stock\":\"9\",\"precio\":\"196\",\"total\":\"196\"}]', 1.96, 196, 197.96, 'Efectivo', '2019-09-11 21:21:40'),
(54, 10035, 11, 1, '[{\"id\":\"59\",\"descripcion\":\"Cono slump\",\"cantidad\":\"1\",\"stock\":\"8\",\"precio\":\"196\",\"total\":\"196\"}]', 1.96, 196, 197.96, 'Efectivo', '2019-09-11 21:22:59'),
(55, 10035, 11, 1, '[{\"id\":\"59\",\"descripcion\":\"Cono slump\",\"cantidad\":\"1\",\"stock\":\"8\",\"precio\":\"196\",\"total\":\"196\"}]', 1.96, 196, 197.96, 'Efectivo', '2019-09-11 21:23:16'),
(56, 10036, 5, 1, '[{\"id\":\"59\",\"descripcion\":\"Cono slump\",\"cantidad\":\"1\",\"stock\":\"7\",\"precio\":\"196\",\"total\":\"196\"}]', 1.96, 196, 197.96, 'Efectivo', '2019-09-11 21:25:26'),
(57, 10037, 4, 1, '[{\"id\":\"59\",\"descripcion\":\"Cono slump\",\"cantidad\":\"1\",\"stock\":\"6\",\"precio\":\"196\",\"total\":\"196\"}]', 1.96, 196, 197.96, 'Efectivo', '2019-09-11 21:26:12'),
(58, 10038, 4, 1, '[{\"id\":\"59\",\"descripcion\":\"Cono slump\",\"cantidad\":\"1\",\"stock\":\"5\",\"precio\":\"196\",\"total\":\"196\"}]', 1.96, 196, 197.96, 'Efectivo', '2019-09-11 21:34:38'),
(59, 10039, 6, 1, '[{\"id\":\"59\",\"descripcion\":\"Cono slump\",\"cantidad\":\"1\",\"stock\":\"4\",\"precio\":\"196\",\"total\":\"196\"}]', 1.96, 196, 197.96, 'Efectivo', '2019-09-11 21:59:53'),
(60, 10039, 6, 1, '[{\"id\":\"59\",\"descripcion\":\"Cono slump\",\"cantidad\":\"1\",\"stock\":\"4\",\"precio\":\"196\",\"total\":\"196\"}]', 1.96, 196, 197.96, 'Efectivo', '2019-09-11 22:01:22'),
(61, 10040, 4, 1, '[{\"id\":\"65\",\"descripcion\":\"molde sorrentino x8\",\"cantidad\":\"1\",\"stock\":\"2\",\"precio\":\"95.0859\",\"total\":\"95.0859\"}]', 0.950859, 95.0859, 96.0368, 'Efectivo', '2019-09-11 22:48:06'),
(62, 10041, 4, 1, '[{\"id\":\"65\",\"descripcion\":\"molde sorrentino x8\",\"cantidad\":\"1\",\"stock\":\"1\",\"precio\":\"95.0859\",\"total\":\"95.0859\"}]', 0.950859, 95.0859, 96.0368, 'Efectivo', '2019-09-11 22:49:16'),
(63, 10041, 4, 1, '[{\"id\":\"65\",\"descripcion\":\"molde sorrentino x8\",\"cantidad\":\"1\",\"stock\":\"1\",\"precio\":\"95.0859\",\"total\":\"95.0859\"}]', 0.950859, 95.0859, 96.0368, 'Efectivo', '2019-09-11 22:50:31'),
(64, 10042, 4, 1, '[{\"id\":\"59\",\"descripcion\":\"Cono slump\",\"cantidad\":\"1\",\"stock\":\"3\",\"precio\":\"196\",\"total\":\"196\"}]', 1.96, 196, 197.96, 'Efectivo', '2019-09-11 22:53:00'),
(65, 10043, 7, 1, '[{\"id\":\"59\",\"descripcion\":\"Cono slump\",\"cantidad\":\"1\",\"stock\":\"0\",\"precio\":\"196\",\"total\":\"196\"}]', 1.96, 196, 197.96, 'Efectivo', '2019-09-19 23:23:54'),
(66, 10043, 7, 1, '[{\"id\":\"59\",\"descripcion\":\"Cono slump\",\"cantidad\":\"1\",\"stock\":\"0\",\"precio\":\"196\",\"total\":\"196\"}]', 1.96, 196, 197.96, 'Efectivo', '2019-09-19 23:25:02'),
(67, 10044, 4, 1, '[{\"id\":\"65\",\"descripcion\":\"molde sorrentino x8\",\"cantidad\":\"1\",\"stock\":\"0\",\"precio\":\"95.0859\",\"total\":\"95.0859\"}]', 0.950859, 95.0859, 96.0368, 'Efectivo', '2019-09-19 23:26:49'),
(68, 10044, 4, 1, '[{\"id\":\"65\",\"descripcion\":\"molde sorrentino x8\",\"cantidad\":\"1\",\"stock\":\"0\",\"precio\":\"95.0859\",\"total\":\"95.0859\"}]', 0.950859, 95.0859, 96.0368, 'Efectivo', '2019-09-19 23:27:51'),
(69, 10045, 5, 1, '[{\"id\":\"65\",\"descripcion\":\"molde sorrentino x8\",\"cantidad\":\"1\",\"stock\":\"39\",\"precio\":\"95.0859\",\"total\":\"95.09\"},{\"id\":\"59\",\"descripcion\":\"Cono slump\",\"cantidad\":\"1\",\"stock\":\"38\",\"precio\":\"196\",\"total\":\"196\"}]', 2.9109, 291.09, 294.001, 'Efectivo', '2019-09-20 13:17:10'),
(70, 10046, 4, 1, '[{\"id\":\"59\",\"descripcion\":\"Cono slump\",\"cantidad\":\"1\",\"stock\":\"37\",\"precio\":\"196\",\"total\":\"196\"}]', 1.96, 196, 197.96, 'Efectivo', '2019-09-20 13:34:11'),
(71, 10046, 4, 1, '[{\"id\":\"59\",\"descripcion\":\"Cono slump\",\"cantidad\":\"1\",\"stock\":\"37\",\"precio\":\"196\",\"total\":\"196\"}]', 1.96, 196, 197.96, 'Efectivo', '2019-09-20 13:34:34'),
(72, 10047, 5, 1, '[{\"id\":\"59\",\"descripcion\":\"Cono slump\",\"cantidad\":\"1\",\"stock\":\"36\",\"precio\":\"196\",\"total\":\"196\"}]', 1.96, 196, 197.96, 'Efectivo', '2019-09-20 13:34:55'),
(73, 10047, 5, 1, '[{\"id\":\"59\",\"descripcion\":\"Cono slump\",\"cantidad\":\"1\",\"stock\":\"36\",\"precio\":\"196\",\"total\":\"196\"}]', 1.96, 196, 197.96, 'Efectivo', '2019-09-20 13:35:50'),
(74, 10048, 4, 1, '[{\"id\":\"59\",\"descripcion\":\"Cono slump\",\"cantidad\":\"1\",\"stock\":\"35\",\"precio\":\"196\",\"total\":\"196\"}]', 1.96, 196, 197.96, 'Efectivo', '2019-09-20 13:36:06'),
(75, 10048, 4, 1, '[{\"id\":\"59\",\"descripcion\":\"Cono slump\",\"cantidad\":\"1\",\"stock\":\"35\",\"precio\":\"196\",\"total\":\"196\"}]', 1.96, 196, 197.96, 'Efectivo', '2019-09-20 13:36:25'),
(76, 10049, 5, 1, '[{\"id\":\"59\",\"descripcion\":\"Cono slump\",\"cantidad\":\"1\",\"stock\":\"34\",\"precio\":\"196\",\"total\":\"196\"}]', 1.96, 196, 197.96, 'Efectivo', '2019-09-20 13:36:43'),
(77, 10050, 4, 1, '[{\"id\":\"59\",\"descripcion\":\"Cono slump\",\"cantidad\":\"1\",\"stock\":\"32\",\"precio\":\"196\",\"total\":\"196\"}]', 1.96, 196, 197.96, 'Efectivo', '2019-09-20 13:41:46'),
(78, 10050, 4, 1, '[{\"id\":\"59\",\"descripcion\":\"Cono slump\",\"cantidad\":\"1\",\"stock\":\"32\",\"precio\":\"196\",\"total\":\"196\"}]', 1.96, 196, 197.96, 'Efectivo', '2019-09-20 13:43:56'),
(79, 10051, 6, 1, '[{\"id\":\"59\",\"descripcion\":\"Cono slump\",\"cantidad\":\"1\",\"stock\":\"29\",\"precio\":\"196\",\"total\":\"196\"}]', 1.96, 196, 197.96, 'Efectivo', '2019-09-20 13:49:05'),
(80, 10051, 6, 1, '[{\"id\":\"59\",\"descripcion\":\"Cono slump\",\"cantidad\":\"1\",\"stock\":\"29\",\"precio\":\"196\",\"total\":\"196\"}]', 1.96, 196, 197.96, 'Efectivo', '2019-09-20 13:54:36'),
(81, 10052, 4, 1, '[{\"id\":\"59\",\"descripcion\":\"Cono slump\",\"cantidad\":\"1\",\"stock\":\"28\",\"precio\":\"196\",\"total\":\"196\"}]', 1.96, 196, 197.96, 'Efectivo', '2019-09-20 13:54:50'),
(82, 10052, 4, 1, '[{\"id\":\"59\",\"descripcion\":\"Cono slump\",\"cantidad\":\"1\",\"stock\":\"28\",\"precio\":\"196\",\"total\":\"196\"}]', 1.96, 196, 197.96, 'Efectivo', '2019-09-20 13:55:00'),
(83, 10053, 3, 1, '[{\"id\":\"59\",\"descripcion\":\"Cono slump\",\"cantidad\":\"1\",\"stock\":\"25\",\"precio\":\"196\",\"total\":\"196\"}]', 1.96, 196, 197.96, 'Efectivo', '2019-09-20 13:57:22'),
(84, 10054, 4, 1, '[{\"id\":\"59\",\"descripcion\":\"Cono slump\",\"cantidad\":\"1\",\"stock\":\"24\",\"precio\":\"196\",\"total\":\"196\"}]', 1.96, 196, 197.96, 'Efectivo', '2019-09-20 14:00:31'),
(85, 10055, 3, 1, '[{\"id\":\"65\",\"descripcion\":\"molde sorrentino x8\",\"cantidad\":\"1\",\"stock\":\"38\",\"precio\":\"95.0859\",\"total\":\"95.0859\"}]', 0.950859, 95.0859, 96.0368, 'Efectivo', '2019-09-20 14:02:06'),
(86, 10056, 7, 1, '[{\"id\":\"59\",\"descripcion\":\"Cono slump\",\"cantidad\":\"1\",\"stock\":\"23\",\"precio\":\"196\",\"total\":\"196\"}]', 0, 196, 196, 'Efectivo', '2019-09-20 14:04:32'),
(87, 10057, 6, 1, '[{\"id\":\"59\",\"descripcion\":\"Cono slump\",\"cantidad\":\"1\",\"stock\":\"21\",\"precio\":\"196\",\"total\":\"196\"}]', 1.96, 196, 197.96, 'Efectivo', '2019-09-20 14:26:11'),
(88, 10058, 6, 1, '[{\"id\":\"65\",\"descripcion\":\"molde sorrentino x8\",\"cantidad\":\"1\",\"stock\":\"30\",\"precio\":\"95.0859\",\"total\":\"95.0859\"}]', 0.950859, 95.0859, 96.0368, 'Efectivo', '2019-09-20 14:58:31'),
(89, 10059, 3, 1, '[{\"id\":\"73\",\"descripcion\":\"alargues canilla bce 12 x 1\",\"cantidad\":\"2\",\"stock\":\"8\",\"precio\":\"143.81\",\"total\":\"287.62\"}]', 2.8762, 287.62, 290.496, 'Efectivo', '2019-10-08 18:20:06'),
(90, 10060, 3, 1, '[{\"id\":\"73\",\"descripcion\":\"alargues canilla bce 12 x 1\",\"cantidad\":\"2\",\"stock\":\"8\",\"precio\":\"143.81\",\"total\":\"287.62\"},{\"id\":\"72\",\"descripcion\":\"vanitory maral 50cm bl wengue\",\"cantidad\":\"1\",\"stock\":\"1\",\"precio\":\"10181.4\",\"total\":\"10181.4\"},{\"id\":\"67\",\"descripcion\":\"pileta fibra 75 46\",\"cantidad\":\"1\",\"stock\":\"3\",\"precio\":\"3024\",\"total\":\"3024\"}]', 0, 13493, 13493, 'Efectivo', '2019-10-08 18:22:15'),
(91, 10061, 3, 1, '[{\"id\":\"98\",\"descripcion\":\"cinta embalar trans 48x50\",\"cantidad\":\"2\",\"stock\":\"4\",\"precio\":\"91.854\",\"total\":\"183.71\"}]', 1.8371, 183.71, 185.547, 'Efectivo', '2019-10-15 15:01:49'),
(92, 10062, 3, 1, '[{\"id\":\"148\",\"descripcion\":\"masilla artesano 500gr\",\"cantidad\":\"1\",\"stock\":\"3\",\"precio\":\"518.805\",\"total\":\"518.805\"}]', 0, 518.805, 518.805, 'Efectivo', '2019-10-15 19:03:35'),
(93, 10063, 3, 1, '[{\"id\":\"291\",\"descripcion\":\"azucarera ceramica\",\"cantidad\":\"1\",\"stock\":\"2\",\"precio\":\"569.533\",\"total\":\"569.533\"}]', 0, 569.533, 569.533, 'Efectivo', '2019-10-19 12:10:25'),
(94, 10064, 3, 60, '[{\"id\":\"299\",\"descripcion\":\"asiento inodoro pvc pringles\",\"cantidad\":\"1\",\"stock\":\"2\",\"precio\":\"434.7\",\"total\":\"434.7\"}]', 0, 434.7, 434.7, 'Efectivo', '2019-10-19 13:35:30'),
(95, 10065, 4, 1, '[{\"id\":\"65\",\"descripcion\":\"molde sorrentino x8\",\"cantidad\":\"6\",\"stock\":\"22\",\"precio\":\"95.0859\",\"total\":\"570.52\"}]', 0, 570.52, 570.52, 'Efectivo', '2019-10-19 13:46:53'),
(96, 10066, 3, 60, '[{\"id\":\"298\",\"descripcion\":\"tornillo mochila bce grueso x1\",\"cantidad\":\"1\",\"stock\":\"5\",\"precio\":\"92.61\",\"total\":\"92.61\"}]', 0, 92.61, 92.61, 'Efectivo', '2019-10-19 13:50:10'),
(97, 10067, 3, 1, '[{\"id\":\"322\",\"descripcion\":\"set pala jardin\",\"cantidad\":\"1\",\"stock\":\"7\",\"precio\":\"241.92\",\"total\":\"241.92\"}]', 0, 241.92, 241.92, 'Efectivo', '2019-10-19 16:23:08'),
(98, 10068, 3, 1, '[{\"id\":\"335\",\"descripcion\":\"pico J grif mesada\",\"cantidad\":\"1\",\"stock\":\"9\",\"precio\":\"378\",\"total\":\"378\"}]', 0, 378, 378, 'Efectivo', '2019-10-22 21:28:10'),
(99, 10069, 3, 1, '[{\"id\":\"103\",\"descripcion\":\"cabezal fv cto ef\",\"cantidad\":\"1\",\"stock\":\"15\",\"precio\":\"289.019\",\"total\":\"289.02\"},{\"id\":\"299\",\"descripcion\":\"asiento inodoro pvc pringles\",\"cantidad\":\"1\",\"stock\":\"2\",\"precio\":\"434.7\",\"total\":\"434.7\"}]', 0, 723.72, 723.72, 'Efectivo', '2019-10-23 19:59:36'),
(100, 10070, 14, 60, '[{\"id\":\"104\",\"descripcion\":\"cabezal ph corto cc fria cal\",\"cantidad\":\"1\",\"stock\":\"7\",\"precio\":\"305.046\",\"total\":\"305.046\"}]', 0, 305.046, 305.046, 'Efectivo', '2019-10-24 19:42:31'),
(101, 10071, 14, 60, '[{\"id\":\"408\",\"descripcion\":\"tabla pizzera madera\",\"cantidad\":\"1\",\"stock\":\"0\",\"precio\":\"512.19\",\"total\":\"512.19\"}]', 0, 512.19, 512.19, 'Efectivo', '2019-10-24 19:45:05'),
(102, 10072, 14, 60, '[{\"id\":\"104\",\"descripcion\":\"cabezal ph corto cc fria cal\",\"cantidad\":\"1\",\"stock\":\"6\",\"precio\":\"305.046\",\"total\":\"305.046\"}]', 0, 305.046, 305.046, 'Efectivo', '2019-10-24 19:52:01'),
(103, 10073, 14, 60, '[{\"id\":\"111\",\"descripcion\":\"la gotita 2ml\",\"cantidad\":\"1\",\"stock\":\"14\",\"precio\":\"48.384\",\"total\":\"48.384\"}]', 0, 48.384, 48.384, 'Efectivo', '2019-10-24 19:54:14'),
(104, 10074, 14, 1, '[{\"id\":\"304\",\"descripcion\":\"flor ducha 8pulg rod cua\",\"cantidad\":\"1\",\"stock\":\"5\",\"precio\":\"1064.07\",\"total\":\"1064.07\"}]', 0, 1064.07, 1064.07, 'Efectivo', '2019-10-26 14:32:49'),
(105, 10075, 14, 1, '[{\"id\":\"83\",\"descripcion\":\"canilla bce 12 pico mang \",\"cantidad\":\"1\",\"stock\":\"9\",\"precio\":\"445.341\",\"total\":\"445.341\"}]', 0, 445.341, 445.341, 'Efectivo', '2019-10-29 13:32:34'),
(106, 10076, 14, 1, '[{\"id\":\"348\",\"descripcion\":\"enrollador 4mtr\",\"cantidad\":\"1\",\"stock\":\"11\",\"precio\":\"213.57\",\"total\":\"213.57\"}]', 2.1357, 213.57, 215.706, 'Efectivo', '2019-10-30 13:09:37'),
(107, 10077, 14, 1, '[{\"id\":\"307\",\"descripcion\":\"resistencia bce foco\",\"cantidad\":\"1\",\"stock\":\"5\",\"precio\":\"241.92\",\"total\":\"241.92\"}]', 0, 241.92, 241.92, 'Efectivo', '2019-10-30 14:41:55'),
(108, 10078, 14, 1, '[{\"id\":\"330\",\"descripcion\":\"caballete madera\",\"cantidad\":\"2\",\"stock\":\"6\",\"precio\":\"680.4\",\"total\":\"1360.8\"}]', 0, 1360.8, 1360.8, 'Efectivo', '2019-10-31 14:14:49'),
(109, 10079, 14, 1, '[{\"id\":\"197\",\"descripcion\":\"cepillo hobby copa FAT050\",\"cantidad\":\"1\",\"stock\":\"3\",\"precio\":\"159.421\",\"total\":\"159.42\"},{\"id\":\"195\",\"descripcion\":\"cepillo brocha FAB012\",\"cantidad\":\"1\",\"stock\":\"3\",\"precio\":\"109.62\",\"total\":\"109.62\"},{\"id\":\"196\",\"descripcion\":\"cepillo hobby circular FAC050\",\"cantidad\":\"1\",\"stock\":\"1\",\"precio\":\"113.4\",\"total\":\"113.4\"}]', 0, 382.44, 382.44, 'Efectivo', '2019-11-01 19:50:24'),
(110, 10080, 14, 1, '[{\"id\":\"541\",\"descripcion\":\"MANIJA ANDINA PVC \",\"cantidad\":\"1\",\"stock\":\"14\",\"precio\":\"117.18\",\"total\":\"117.18\"}]', 0, 117.18, 117.18, 'Efectivo', '2019-11-05 14:24:55'),
(111, 10081, 14, 60, '[{\"id\":\"154\",\"descripcion\":\"cuchara madera 35cm\",\"cantidad\":\"1\",\"stock\":\"1\",\"precio\":\"138.82\",\"total\":\"138.82\"}]', 0, 138.82, 138.82, 'Efectivo', '2019-11-06 13:41:06'),
(112, 10082, 14, 1, '[{\"id\":\"93\",\"descripcion\":\"cabezal fv lrgo ef\",\"cantidad\":\"3\",\"stock\":\"3\",\"precio\":\"341.788\",\"total\":\"1025.36\"}]', 0, 1025.36, 1025.36, 'Efectivo', '2019-12-11 14:18:38'),
(113, 10083, 14, 1, '[{\"id\":\"358\",\"descripcion\":\"taza ceramica bicicleta\",\"cantidad\":\"2\",\"stock\":\"1\",\"precio\":\"297.77\",\"total\":\"595.54\"}]', 0, 595.54, 595.54, 'TD-00', '2019-12-12 14:27:39'),
(114, 10084, 14, 1, '[{\"id\":\"814\",\"descripcion\":\"toma multiple 2 tomas c cable x 3mtr\",\"cantidad\":\"1\",\"stock\":\"0\",\"precio\":\"426.951\",\"total\":\"426.951\"}]', 0, 426.951, 426.951, 'Efectivo', '2019-12-12 18:57:12'),
(115, 10085, 14, 1, '[{\"id\":\"840\",\"descripcion\":\"boya malvar recagable\",\"cantidad\":\"3\",\"stock\":\"17\",\"precio\":\"183.33\",\"total\":\"549.99\"}]', 0, 549.99, 549.99, 'Efectivo', '2019-12-16 15:19:13'),
(116, 10086, 14, 1, '[{\"id\":\"941\",\"descripcion\":\"asdasd\",\"cantidad\":\"1\",\"stock\":\"222\",\"precio\":\"18\",\"total\":\"18\"}]', 0.54, 18, 18.54, 'Efectivo', '2019-12-30 02:42:07'),
(117, 10087, 14, 1, '[{\"id\":\"941\",\"descripcion\":\"asdasd\",\"cantidad\":\"1\",\"stock\":\"221\",\"precio\":\"18\",\"total\":\"18\"}]', 0.72, 18, 18.72, 'Efectivo', '2019-12-30 02:43:56'),
(118, 10088, 14, 1, '[{\"id\":\"941\",\"descripcion\":\"asdasd\",\"cantidad\":\"1\",\"stock\":\"220\",\"precio\":\"18\",\"total\":\"18\"}]', 0.9, 18, 18.9, 'Efectivo', '2019-12-30 02:44:50'),
(119, 10089, 14, 1, '[{\"id\":\"941\",\"descripcion\":\"asdasd\",\"cantidad\":\"1\",\"stock\":\"219\",\"precio\":\"18\",\"total\":\"18\"}]', 0.54, 18, 18.54, 'Efectivo', '2019-12-30 03:53:47');

-- --------------------------------------------------------

--
-- Estructura de tabla para la tabla `ventas2`
--

CREATE TABLE `ventas2` (
  `id` int(11) NOT NULL,
  `codigo` int(11) DEFAULT NULL,
  `id_cliente` int(11) NOT NULL,
  `id_vendedor` int(11) NOT NULL,
  `productos` text COLLATE utf8_spanish_ci NOT NULL,
  `impuesto` float NOT NULL,
  `neto` float NOT NULL,
  `total` float NOT NULL,
  `metodo_pago` text COLLATE utf8_spanish_ci,
  `fecha` timestamp NOT NULL DEFAULT CURRENT_TIMESTAMP ON UPDATE CURRENT_TIMESTAMP
) ENGINE=InnoDB DEFAULT CHARSET=utf8 COLLATE=utf8_spanish_ci;

--
-- Volcado de datos para la tabla `ventas2`
--

INSERT INTO `ventas2` (`id`, `codigo`, `id_cliente`, `id_vendedor`, `productos`, `impuesto`, `neto`, `total`, `metodo_pago`, `fecha`) VALUES
(0, 7, 14, 1, '[{\"id\":\"941\",\"descripcion\":\"asdasd\",\"cantidad\":\"3\",\"stock\":\"230\",\"precio\":\"18\",\"total\":\"54\"}]', 14.04, 54, 68.04, '[{\"id\":\"941\",\"descripcion\":\"asdasd\",\"cantidad\":\"3\",\"stock\":\"230\",\"precio\":\"18\",\"total\":\"54\"}]', '2019-12-30 02:24:38'),
(4, 1, 12, 1, '[{\"id\":\"58\",\"descripcion\":\"omeprazol 20mg cap\",\"cantidad\":\"1\",\"stock\":\"1\",\"precio\":\"588\",\"total\":\"588\"}]', 23.52, 588, 611.52, '[{\"id\":\"58\",\"descripcion\":\"omeprazol 20mg cap\",\"cantidad\":\"1\",\"stock\":\"1\",\"precio\":\"588\",\"total\":\"588\"}]', '2019-12-16 06:56:55'),
(25, 1, 4, 1, '[{\"id\":\"55\",\"descripcion\":\"bisoprolol 5mg comp\",\"cantidad\":\"1\",\"stock\":\"7\",\"precio\":\"560\",\"total\":\"560\"}]', 11.2, 560, 571.2, '[{\"id\":\"55\",\"descripcion\":\"bisoprolol 5mg comp\",\"cantidad\":\"1\",\"stock\":\"7\",\"precio\":\"560\",\"total\":\"560\"}]', '2019-12-16 11:16:06'),
(26, 1, 4, 1, '[{\"id\":\"55\",\"descripcion\":\"bisoprolol 5mg comp\",\"cantidad\":\"1\",\"stock\":\"7\",\"precio\":\"560\",\"total\":\"560\"}]', 11.2, 560, 571.2, '[{\"id\":\"55\",\"descripcion\":\"bisoprolol 5mg comp\",\"cantidad\":\"1\",\"stock\":\"7\",\"precio\":\"560\",\"total\":\"560\"}]', '2019-12-16 11:34:22'),
(27, 1, 4, 1, '[{\"id\":\"55\",\"descripcion\":\"bisoprolol 5mg comp\",\"cantidad\":\"1\",\"stock\":\"7\",\"precio\":\"560\",\"total\":\"560\"}]', 11.2, 560, 571.2, '[{\"id\":\"55\",\"descripcion\":\"bisoprolol 5mg comp\",\"cantidad\":\"1\",\"stock\":\"7\",\"precio\":\"560\",\"total\":\"560\"}]', '2019-12-16 11:35:13'),
(28, 3, 3, 1, '[{\"id\":\"63\",\"descripcion\":\"clonazepam 2mg comp\",\"cantidad\":\"1\",\"stock\":\"6\",\"precio\":\"19.2\",\"total\":\"19.2\"}]', 0.192, 19.2, 19.392, '[{\"id\":\"63\",\"descripcion\":\"clonazepam 2mg comp\",\"cantidad\":\"1\",\"stock\":\"6\",\"precio\":\"19.2\",\"total\":\"19.2\"}]', '2019-12-17 05:57:12'),
(29, 1, 3, 1, '[{\"id\":\"63\",\"descripcion\":\"clonazepam 2mg comp\",\"cantidad\":\"1\",\"stock\":\"6\",\"precio\":\"19.2\",\"total\":\"19.2\"}]', 0.192, 19.2, 19.392, '[{\"id\":\"63\",\"descripcion\":\"clonazepam 2mg comp\",\"cantidad\":\"1\",\"stock\":\"6\",\"precio\":\"19.2\",\"total\":\"19.2\"}]', '2019-12-17 05:01:40'),
(30, 1, 3, 1, '[{\"id\":\"63\",\"descripcion\":\"clonazepam 2mg comp\",\"cantidad\":\"1\",\"stock\":\"6\",\"precio\":\"19.2\",\"total\":\"19.2\"}]', 0.192, 19.2, 19.392, '[{\"id\":\"63\",\"descripcion\":\"clonazepam 2mg comp\",\"cantidad\":\"1\",\"stock\":\"6\",\"precio\":\"19.2\",\"total\":\"19.2\"}]', '2019-12-17 05:02:37'),
(31, 1, 7, 1, '[{\"id\":\"63\",\"descripcion\":\"clonazepam 2mg comp\",\"cantidad\":\"1\",\"stock\":\"5\",\"precio\":\"19.2\",\"total\":\"19.2\"}]', 0.576, 19.2, 19.776, '[{\"id\":\"63\",\"descripcion\":\"clonazepam 2mg comp\",\"cantidad\":\"1\",\"stock\":\"5\",\"precio\":\"19.2\",\"total\":\"19.2\"}]', '2019-12-17 06:03:49'),
(32, 1, 7, 1, '[{\"id\":\"63\",\"descripcion\":\"clonazepam 2mg comp\",\"cantidad\":\"1\",\"stock\":\"5\",\"precio\":\"19.2\",\"total\":\"19.2\"}]', 0.576, 19.2, 19.776, '[{\"id\":\"63\",\"descripcion\":\"clonazepam 2mg comp\",\"cantidad\":\"1\",\"stock\":\"5\",\"precio\":\"19.2\",\"total\":\"19.2\"}]', '2019-12-17 06:05:55'),
(33, 1, 4, 1, '[{\"id\":\"63\",\"descripcion\":\"clonazepam 2mg comp\",\"cantidad\":\"1\",\"stock\":\"4\",\"precio\":\"19.2\",\"total\":\"19.2\"}]', 0.384, 19.2, 19.584, '[{\"id\":\"63\",\"descripcion\":\"clonazepam 2mg comp\",\"cantidad\":\"1\",\"stock\":\"4\",\"precio\":\"19.2\",\"total\":\"19.2\"}]', '2019-12-17 06:06:04'),
(34, 1, 4, 1, '[{\"id\":\"63\",\"descripcion\":\"clonazepam 2mg comp\",\"cantidad\":\"1\",\"stock\":\"4\",\"precio\":\"19.2\",\"total\":\"19.2\"}]', 0.384, 19.2, 19.584, '[{\"id\":\"63\",\"descripcion\":\"clonazepam 2mg comp\",\"cantidad\":\"1\",\"stock\":\"4\",\"precio\":\"19.2\",\"total\":\"19.2\"}]', '2019-12-17 06:18:04'),
(35, 1, 4, 1, '[{\"id\":\"63\",\"descripcion\":\"clonazepam 2mg comp\",\"cantidad\":\"1\",\"stock\":\"4\",\"precio\":\"19.2\",\"total\":\"19.2\"}]', 0.384, 19.2, 19.584, '[{\"id\":\"63\",\"descripcion\":\"clonazepam 2mg comp\",\"cantidad\":\"1\",\"stock\":\"4\",\"precio\":\"19.2\",\"total\":\"19.2\"}]', '2019-12-17 06:37:34'),
(36, 1, 3, 1, '[{\"id\":\"63\",\"descripcion\":\"clonazepam 2mg comp\",\"cantidad\":\"1\",\"stock\":\"3\",\"precio\":\"19.2\",\"total\":\"19.2\"}]', 1.152, 19.2, 20.352, '[{\"id\":\"63\",\"descripcion\":\"clonazepam 2mg comp\",\"cantidad\":\"1\",\"stock\":\"3\",\"precio\":\"19.2\",\"total\":\"19.2\"}]', '2019-12-17 06:38:44'),
(37, 2, 5, 1, '[{\"id\":\"52\",\"descripcion\":\"Metformina 500mg comp\",\"cantidad\":\"1\",\"stock\":\"9\",\"precio\":\"182\",\"total\":\"182\"}]', 50.96, 182, 232.96, '[{\"id\":\"52\",\"descripcion\":\"Metformina 500mg comp\",\"cantidad\":\"1\",\"stock\":\"9\",\"precio\":\"182\",\"total\":\"182\"}]', '2019-12-17 06:40:22'),
(38, 3, 9, 1, '[{\"id\":\"63\",\"descripcion\":\"clonazepam 2mg comp\",\"cantidad\":\"1\",\"stock\":\"2\",\"precio\":\"19.2\",\"total\":\"19.2\"}]', 0.576, 19.2, 19.776, '[{\"id\":\"63\",\"descripcion\":\"clonazepam 2mg comp\",\"cantidad\":\"1\",\"stock\":\"2\",\"precio\":\"19.2\",\"total\":\"19.2\"}]', '2019-12-17 06:52:39'),
(39, 3, 9, 1, '[{\"id\":\"63\",\"descripcion\":\"clonazepam 2mg comp\",\"cantidad\":\"1\",\"stock\":\"2\",\"precio\":\"19.2\",\"total\":\"19.2\"}]', 0.576, 19.2, 19.776, '[{\"id\":\"63\",\"descripcion\":\"clonazepam 2mg comp\",\"cantidad\":\"1\",\"stock\":\"2\",\"precio\":\"19.2\",\"total\":\"19.2\"}]', '2019-12-17 06:54:07'),
(40, 4, 5, 1, '[{\"id\":\"52\",\"descripcion\":\"Metformina 500mg comp\",\"cantidad\":\"6\",\"stock\":\"3\",\"precio\":\"182\",\"total\":\"1092\"}]', 32.76, 1092, 1124.76, '[{\"id\":\"52\",\"descripcion\":\"Metformina 500mg comp\",\"cantidad\":\"6\",\"stock\":\"3\",\"precio\":\"182\",\"total\":\"1092\"}]', '2019-12-17 06:54:21'),
(41, 4, 5, 1, '[{\"id\":\"63\",\"descripcion\":\"clonazepam 2mg comp\",\"cantidad\":\"1\",\"stock\":\"2\",\"precio\":\"19.2\",\"total\":\"19.2\"}]', 0.768, 19.2, 19.968, '[{\"id\":\"63\",\"descripcion\":\"clonazepam 2mg comp\",\"cantidad\":\"1\",\"stock\":\"2\",\"precio\":\"19.2\",\"total\":\"19.2\"}]', '2019-12-17 06:56:56'),
(42, 5, 7, 1, '[{\"id\":\"63\",\"descripcion\":\"clonazepam 2mg comp\",\"cantidad\":\"3\",\"stock\":\"0\",\"precio\":\"19.2\",\"total\":\"57.6\"}]', 2.304, 57.6, 59.904, '[{\"id\":\"63\",\"descripcion\":\"clonazepam 2mg comp\",\"cantidad\":\"3\",\"stock\":\"0\",\"precio\":\"19.2\",\"total\":\"57.6\"}]', '2019-12-17 06:58:21'),
(43, 6, 5, 1, '[{\"id\":\"63\",\"descripcion\":\"clonazepam 2mg comp\",\"cantidad\":\"3\",\"stock\":\"0\",\"precio\":\"19.2\",\"total\":\"57.6\"}]', 4.608, 57.6, 62.208, '[{\"id\":\"63\",\"descripcion\":\"clonazepam 2mg comp\",\"cantidad\":\"3\",\"stock\":\"0\",\"precio\":\"19.2\",\"total\":\"57.6\"}]', '2019-12-17 07:20:02');

--
-- Índices para tablas volcadas
--

--
-- Indices de la tabla `categorias`
--
ALTER TABLE `categorias`
  ADD PRIMARY KEY (`id`);

--
-- Indices de la tabla `clientes`
--
ALTER TABLE `clientes`
  ADD PRIMARY KEY (`id`);

--
-- Indices de la tabla `corriente`
--
ALTER TABLE `corriente`
  ADD PRIMARY KEY (`id`);

--
-- Indices de la tabla `productos`
--
ALTER TABLE `productos`
  ADD PRIMARY KEY (`id`);

--
-- Indices de la tabla `usuarios`
--
ALTER TABLE `usuarios`
  ADD PRIMARY KEY (`id`);

--
-- Indices de la tabla `ventas`
--
ALTER TABLE `ventas`
  ADD PRIMARY KEY (`id`);

--
-- Indices de la tabla `ventas2`
--
ALTER TABLE `ventas2`
  ADD PRIMARY KEY (`id`);

--
-- AUTO_INCREMENT de las tablas volcadas
--

--
-- AUTO_INCREMENT de la tabla `categorias`
--
ALTER TABLE `categorias`
  MODIFY `id` int(11) NOT NULL AUTO_INCREMENT, AUTO_INCREMENT=13;

--
-- AUTO_INCREMENT de la tabla `clientes`
--
ALTER TABLE `clientes`
  MODIFY `id` int(11) NOT NULL AUTO_INCREMENT, AUTO_INCREMENT=16;

--
-- AUTO_INCREMENT de la tabla `corriente`
--
ALTER TABLE `corriente`
  MODIFY `id` int(11) NOT NULL AUTO_INCREMENT, AUTO_INCREMENT=70;

--
-- AUTO_INCREMENT de la tabla `productos`
--
ALTER TABLE `productos`
  MODIFY `id` int(11) NOT NULL AUTO_INCREMENT, AUTO_INCREMENT=942;

--
-- AUTO_INCREMENT de la tabla `usuarios`
--
ALTER TABLE `usuarios`
  MODIFY `id` int(11) NOT NULL AUTO_INCREMENT, AUTO_INCREMENT=61;

--
-- AUTO_INCREMENT de la tabla `ventas`
--
ALTER TABLE `ventas`
  MODIFY `id` int(11) NOT NULL AUTO_INCREMENT, AUTO_INCREMENT=120;
COMMIT;

/*!40101 SET CHARACTER_SET_CLIENT=@OLD_CHARACTER_SET_CLIENT */;
/*!40101 SET CHARACTER_SET_RESULTS=@OLD_CHARACTER_SET_RESULTS */;
/*!40101 SET COLLATION_CONNECTION=@OLD_COLLATION_CONNECTION */;
